# Blender 4.5.2 LTS
# www.blender.org
o Cube
v -69.342796 69.342796 -0.431775
v -69.342796 69.342796 8.127520
v 69.342796 69.342796 -0.431775
v 69.342796 69.342796 8.127520
v -69.342796 -69.342796 -0.431775
v -69.342796 -69.342796 8.127520
v 69.342796 -69.342796 -0.431775
v 69.342796 -69.342796 8.127520
v 0.000000 69.342796 8.127520
v 69.342796 0.000000 8.127520
v 0.000000 -69.342796 8.127520
v -69.342796 0.000000 8.127520
v 0.000000 0.000000 0.431775
v 34.671398 69.342796 8.127520
v 69.342796 -34.671398 8.127520
v -34.671398 -69.342796 8.127520
v -69.342796 34.671398 8.127520
v -34.671398 69.342796 8.127520
v 69.342796 34.671398 8.127520
v 34.671398 -69.342796 8.127520
v -69.342796 -34.671398 8.127520
v -34.671398 0.000000 0.431775
v 34.671398 0.000000 0.431775
v 0.000000 -34.671398 0.431775
v 0.000000 34.671398 0.431775
v 34.671398 34.671398 0.431775
v 34.671398 -34.671398 0.431775
v -34.671398 -34.671398 0.431775
v -34.671398 34.671398 0.431775
v 52.007095 69.342796 8.127520
v 69.342796 -52.007095 8.127520
v -52.007095 -69.342796 8.127520
v -69.342796 52.007095 8.127520
v -17.335699 69.342796 8.127520
v 69.342796 17.335699 8.127520
v 17.335699 -69.342796 8.127520
v -69.342796 -17.335699 8.127520
v -52.007095 0.000000 0.431775
v 17.335699 0.000000 0.431775
v 0.000000 -52.007095 0.431775
v 0.000000 17.335699 0.431775
v 17.335699 69.342796 8.127520
v 69.342796 -17.335699 8.127520
v -17.335699 -69.342796 8.127520
v -69.342796 17.335699 8.127520
v -52.007095 69.342796 8.127520
v 69.342796 52.007095 8.127520
v 52.007095 -69.342796 8.127520
v -69.342796 -52.007095 8.127520
v -17.335699 0.000000 0.431775
v 52.007095 0.000000 0.431775
v 0.000000 -17.335699 0.431775
v 0.000000 52.007095 0.431775
v 17.335699 34.671398 0.431775
v 52.007095 34.671398 0.431775
v 34.671398 17.335699 0.431775
v 34.671398 52.007095 0.431775
v 17.335699 -34.671398 0.431775
v 52.007095 -34.671398 0.431775
v 34.671398 -52.007095 0.431775
v 34.671398 -17.335699 0.431775
v -52.007095 -34.671398 0.431775
v -17.335699 -34.671398 0.431775
v -34.671398 -52.007095 0.431775
v -34.671398 -17.335699 0.431775
v -52.007095 34.671398 0.431775
v -17.335699 34.671398 0.431775
v -34.671398 17.335699 0.431775
v -34.671398 52.007095 0.431775
v -17.335699 52.007095 0.431775
v -17.335699 17.335699 0.431775
v -52.007095 17.335699 0.431775
v -17.335699 -17.335699 0.431775
v -17.335699 -52.007095 0.431775
v -52.007095 -52.007095 0.431775
v 52.007095 -17.335699 0.431775
v 52.007095 -52.007095 0.431775
v 17.335699 -52.007095 0.431775
v 52.007095 52.007095 0.431775
v 52.007095 17.335699 0.431775
v 17.335699 17.335699 0.431775
v 17.335699 52.007095 0.431775
v 17.335699 -17.335699 0.431775
v -52.007095 -17.335699 0.431775
v -52.007095 52.007095 0.431775
v 60.674946 69.342796 8.127520
v 69.342796 -60.674946 8.127520
v -60.674946 -69.342796 8.127520
v -69.342796 60.674946 8.127520
v -8.667850 69.342796 8.127520
v 69.342796 8.667850 8.127520
v 8.667850 -69.342796 8.127520
v -69.342796 -8.667850 8.127520
v -60.674946 0.000000 20.334906
v 8.667850 0.000000 0.431775
v 0.000000 -60.674946 20.334906
v 0.000000 8.667850 0.431775
v 26.003548 69.342796 8.127520
v 69.342796 -26.003548 8.127520
v -26.003548 -69.342796 8.127520
v -69.342796 26.003548 8.127520
v -43.339249 69.342796 8.127520
v 69.342796 43.339249 8.127520
v 43.339249 -69.342796 8.127520
v -69.342796 -43.339249 8.127520
v -26.003548 0.000000 0.431775
v 43.339249 0.000000 0.431775
v 0.000000 -26.003548 0.431775
v 0.000000 43.339249 0.431775
v 8.667850 34.671398 0.431775
v 43.339249 34.671398 0.431775
v 34.671398 8.667850 0.431775
v 34.671398 43.339249 0.431775
v 8.667850 -34.671398 0.431775
v 43.339249 -34.671398 0.431775
v 34.671398 -60.674946 20.334906
v 34.671398 -26.003548 0.431775
v -60.674946 -34.671398 20.334906
v -26.003548 -34.671398 0.431775
v -34.671398 -60.674946 20.334906
v -34.671398 -26.003548 0.431775
v -60.674946 34.671398 20.334906
v -26.003548 34.671398 0.431775
v -34.671398 8.667850 0.431775
v -34.671398 43.339249 0.431775
v 43.339249 69.342796 8.127520
v 69.342796 -43.339249 8.127520
v -43.339249 -69.342796 8.127520
v -69.342796 43.339249 8.127520
v -26.003548 69.342796 8.127520
v 69.342796 26.003548 8.127520
v 26.003548 -69.342796 8.127520
v -69.342796 -26.003548 8.127520
v -43.339249 0.000000 0.431775
v 26.003548 0.000000 0.431775
v 0.000000 -43.339249 0.431775
v 0.000000 26.003548 0.431775
v 8.667850 69.342796 8.127520
v 69.342796 -8.667850 8.127520
v -8.667850 -69.342796 8.127520
v -69.342796 8.667850 8.127520
v -60.674946 69.342796 8.127520
v 69.342796 60.674946 8.127520
v 60.674946 -69.342796 8.127520
v -69.342796 -60.674946 8.127520
v -8.667850 0.000000 0.431775
v 60.674946 0.000000 20.334906
v 0.000000 -8.667850 0.431775
v 0.000000 60.674946 20.334906
v 26.003548 34.671398 0.431775
v 60.674946 34.671398 20.334906
v 34.671398 26.003548 0.431775
v 34.671398 60.674946 20.334906
v 26.003548 -34.671398 0.431775
v 60.674946 -34.671398 20.334906
v 34.671398 -43.339249 0.431775
v 34.671398 -8.667850 0.431775
v -43.339249 -34.671398 0.431775
v -8.667850 -34.671398 0.431775
v -34.671398 -43.339249 0.431775
v -34.671398 -8.667850 0.431775
v -43.339249 34.671398 0.431775
v -8.667850 34.671398 0.431775
v -34.671398 26.003548 0.431775
v -34.671398 60.674946 20.334906
v -26.003548 52.007095 0.431775
v -8.667850 52.007095 0.431775
v -17.335699 43.339249 0.431775
v -17.335699 60.674946 20.334906
v -26.003548 17.335699 0.431775
v -8.667850 17.335699 0.431775
v -17.335699 8.667850 0.431775
v -17.335699 26.003548 0.431775
v -60.674946 17.335699 20.334906
v -43.339249 17.335699 0.431775
v -52.007095 8.667850 0.431775
v -52.007095 26.003548 0.431775
v -26.003548 -17.335699 0.431775
v -8.667850 -17.335699 0.431775
v -17.335699 -26.003548 0.431775
v -17.335699 -8.667850 0.431775
v -26.003548 -52.007095 0.431775
v -8.667850 -52.007095 0.431775
v -17.335699 -60.674946 20.334906
v -17.335699 -43.339249 0.431775
v -60.674946 -52.007095 20.334906
v -43.339249 -52.007095 0.431775
v -52.007095 -60.674946 20.334906
v -52.007095 -43.339249 0.431775
v 43.339249 -17.335699 0.431775
v 60.674946 -17.335699 20.334906
v 52.007095 -26.003548 0.431775
v 52.007095 -8.667850 0.431775
v 43.339249 -52.007095 0.431775
v 60.674946 -52.007095 20.334906
v 52.007095 -60.674946 20.334906
v 52.007095 -43.339249 0.431775
v 8.667850 -52.007095 0.431775
v 26.003548 -52.007095 0.431775
v 17.335699 -60.674946 20.334906
v 17.335699 -43.339249 0.431775
v 43.339249 52.007095 0.431775
v 60.674946 52.007095 20.334906
v 52.007095 43.339249 0.431775
v 52.007095 60.674946 20.334906
v 43.339249 17.335699 0.431775
v 60.674946 17.335699 20.334906
v 52.007095 8.667850 0.431775
v 52.007095 26.003548 0.431775
v 8.667850 17.335699 0.431775
v 26.003548 17.335699 0.431775
v 17.335699 8.667850 0.431775
v 17.335699 26.003548 0.431775
v 8.667850 52.007095 0.431775
v 26.003548 52.007095 0.431775
v 17.335699 43.339249 0.431775
v 17.335699 60.674946 20.334906
v 8.667850 -17.335699 0.431775
v 26.003548 -17.335699 0.431775
v 17.335699 -26.003548 0.431775
v 17.335699 -8.667850 0.431775
v -60.674946 -17.335699 20.334906
v -43.339249 -17.335699 0.431775
v -52.007095 -26.003548 0.431775
v -52.007095 -8.667850 0.431775
v -60.674946 52.007095 20.334906
v -43.339249 52.007095 0.431775
v -52.007095 43.339249 0.431775
v -52.007095 60.674946 20.334906
v -43.339249 60.674946 20.334906
v -43.339249 43.339249 0.431775
v -60.674946 43.339249 20.334906
v -43.339249 -8.667850 0.431775
v -43.339249 -26.003548 0.431775
v -60.674946 -26.003548 20.334906
v 26.003548 -8.667850 0.431775
v 26.003548 -26.003548 0.431775
v 8.667850 -26.003548 0.431775
v 26.003548 60.674946 20.334906
v 26.003548 43.339249 0.431775
v 8.667850 43.339249 0.431775
v 26.003548 26.003548 0.431775
v 26.003548 8.667850 0.431775
v 8.667850 8.667850 0.431775
v 60.674946 26.003548 20.334906
v 60.674946 8.667850 20.334906
v 43.339249 8.667850 0.431775
v 60.674946 60.674946 20.334906
v 60.674946 43.339249 20.334906
v 43.339249 43.339249 0.431775
v 26.003548 -43.339249 0.431775
v 26.003548 -60.674946 20.334906
v 8.667850 -60.674946 20.334906
v 60.674946 -43.339249 20.334906
v 60.674946 -60.674946 20.334906
v 43.339249 -60.674946 20.334906
v 60.674946 -8.667850 20.334906
v 60.674946 -26.003548 20.334906
v 43.339249 -26.003548 0.431775
v -43.339249 -43.339249 0.431775
v -43.339249 -60.674946 20.334906
v -60.674946 -60.674946 20.334906
v -8.667850 -43.339249 0.431775
v -8.667850 -60.674946 20.334906
v -26.003548 -60.674946 20.334906
v -8.667850 -8.667850 0.431775
v -8.667850 -26.003548 0.431775
v -26.003548 -26.003548 0.431775
v -43.339249 26.003548 0.431775
v -43.339249 8.667850 0.431775
v -60.674946 8.667850 20.334906
v -8.667850 26.003548 0.431775
v -8.667850 8.667850 0.431775
v -26.003548 8.667850 0.431775
v -8.667850 60.674946 20.334906
v -8.667850 43.339249 0.431775
v -26.003548 43.339249 0.431775
v -26.003548 60.674946 20.334906
v -26.003548 26.003548 0.431775
v -60.674946 26.003548 20.334906
v -26.003548 -8.667850 0.431775
v -26.003548 -43.339249 0.431775
v -60.674946 -43.339249 20.334906
v 43.339249 -8.667850 0.431775
v 43.339249 -43.339249 0.431775
v 8.667850 -43.339249 0.431775
v 43.339249 60.674946 20.334906
v 43.339249 26.003548 0.431775
v 8.667850 26.003548 0.431775
v 8.667850 60.674946 20.334906
v 8.667850 -8.667850 0.431775
v -60.674946 -8.667850 20.334906
v -60.674946 60.674946 20.334906
v 65.008873 69.342796 8.127520
v 69.342796 -65.008873 8.127520
v -65.008873 -69.342796 8.127520
v -69.342796 65.008873 8.127520
v -4.333925 69.342796 8.127520
v 69.342796 4.333925 8.127520
v 4.333925 -69.342796 8.127520
v -69.342796 -4.333925 8.127520
v -65.008873 0.000000 14.375810
v 4.333925 0.000000 0.431775
v 0.000000 -65.008873 14.375810
v 0.000000 4.333925 0.431775
v 30.337473 69.342796 8.127520
v 69.342796 -30.337473 8.127520
v -30.337473 -69.342796 8.127520
v -69.342796 30.337473 8.127520
v -39.005322 69.342796 8.127520
v 69.342796 39.005322 8.127520
v 39.005322 -69.342796 8.127520
v -69.342796 -39.005322 8.127520
v -30.337473 0.000000 0.431775
v 39.005322 0.000000 0.431775
v 0.000000 -30.337473 0.431775
v 0.000000 39.005322 0.431775
v 4.333925 34.671398 0.431775
v 39.005322 34.671398 0.431775
v 34.671398 4.333925 0.431775
v 34.671398 39.005322 0.431775
v 4.333925 -34.671398 0.431775
v 39.005322 -34.671398 0.431775
v 34.671398 -65.008873 14.375810
v 34.671398 -30.337473 0.431775
v -65.008873 -34.671398 14.375810
v -30.337473 -34.671398 0.431775
v -34.671398 -65.008873 14.375810
v -34.671398 -30.337473 0.431775
v -65.008873 34.671398 14.375810
v -30.337473 34.671398 0.431775
v -34.671398 4.333925 0.431775
v -34.671398 39.005322 0.431775
v 47.673172 69.342796 8.127520
v 69.342796 -47.673172 8.127520
v -47.673172 -69.342796 8.127520
v -69.342796 47.673172 8.127520
v -21.669624 69.342796 8.127520
v 69.342796 21.669624 8.127520
v 21.669624 -69.342796 8.127520
v -69.342796 -21.669624 8.127520
v -47.673172 0.000000 0.431775
v 21.669624 0.000000 0.431775
v 0.000000 -47.673172 0.431775
v 0.000000 21.669624 0.431775
v 13.001774 69.342796 8.127520
v 69.342796 -13.001774 8.127520
v -13.001774 -69.342796 8.127520
v -69.342796 13.001774 8.127520
v -56.341022 69.342796 8.127520
v 69.342796 56.341022 8.127520
v 56.341022 -69.342796 8.127520
v -69.342796 -56.341022 8.127520
v -13.001774 0.000000 0.431775
v 56.341022 0.000000 0.431775
v 0.000000 -13.001774 0.431775
v 0.000000 56.341022 0.431775
v 21.669624 34.671398 0.431775
v 56.341022 34.671398 0.431775
v 34.671398 21.669624 0.431775
v 34.671398 56.341022 0.431775
v 21.669624 -34.671398 0.431775
v 56.341022 -34.671398 0.431775
v 34.671398 -47.673172 0.431775
v 34.671398 -13.001774 0.431775
v -47.673172 -34.671398 0.431775
v -13.001774 -34.671398 0.431775
v -34.671398 -47.673172 0.431775
v -34.671398 -13.001774 0.431775
v -47.673172 34.671398 0.431775
v -13.001774 34.671398 0.431775
v -34.671398 21.669624 0.431775
v -34.671398 56.341022 0.431775
v -30.337473 52.007095 0.431775
v -13.001774 52.007095 0.431775
v -17.335699 39.005322 0.431775
v -17.335699 56.341022 0.431775
v -30.337473 17.335699 0.431775
v -13.001774 17.335699 0.431775
v -17.335699 4.333925 0.431775
v -17.335699 21.669624 0.431775
v -65.008873 17.335699 14.375810
v -47.673172 17.335699 0.431775
v -52.007095 4.333925 0.431775
v -52.007095 21.669624 0.431775
v -30.337473 -17.335699 0.431775
v -13.001774 -17.335699 0.431775
v -17.335699 -30.337473 0.431775
v -17.335699 -13.001774 0.431775
v -30.337473 -52.007095 0.431775
v -13.001774 -52.007095 0.431775
v -17.335699 -65.008873 14.375810
v -17.335699 -47.673172 0.431775
v -65.008873 -52.007095 14.375810
v -47.673172 -52.007095 0.431775
v -52.007095 -65.008873 14.375810
v -52.007095 -47.673172 0.431775
v 39.005322 -17.335699 0.431775
v 56.341022 -17.335699 0.431775
v 52.007095 -30.337473 0.431775
v 52.007095 -13.001774 0.431775
v 39.005322 -52.007095 0.431775
v 56.341022 -52.007095 0.431775
v 52.007095 -65.008873 14.375810
v 52.007095 -47.673172 0.431775
v 4.333925 -52.007095 0.431775
v 21.669624 -52.007095 0.431775
v 17.335699 -65.008873 14.375810
v 17.335699 -47.673172 0.431775
v 39.005322 52.007095 0.431775
v 56.341022 52.007095 0.431775
v 52.007095 39.005322 0.431775
v 52.007095 56.341022 0.431775
v 39.005322 17.335699 0.431775
v 56.341022 17.335699 0.431775
v 52.007095 4.333925 0.431775
v 52.007095 21.669624 0.431775
v 4.333925 17.335699 0.431775
v 21.669624 17.335699 0.431775
v 17.335699 4.333925 0.431775
v 17.335699 21.669624 0.431775
v 4.333925 52.007095 0.431775
v 21.669624 52.007095 0.431775
v 17.335699 39.005322 0.431775
v 17.335699 56.341022 0.431775
v 4.333925 -17.335699 0.431775
v 21.669624 -17.335699 0.431775
v 17.335699 -30.337473 0.431775
v 17.335699 -13.001774 0.431775
v -65.008873 -17.335699 14.375810
v -47.673172 -17.335699 0.431775
v -52.007095 -30.337473 0.431775
v -52.007095 -13.001774 0.431775
v -65.008873 52.007095 14.375810
v -47.673172 52.007095 0.431775
v -52.007095 39.005322 0.431775
v -52.007095 56.341022 0.431775
v 56.341022 69.342796 8.127520
v 69.342796 -56.341022 8.127520
v -56.341022 -69.342796 8.127520
v -69.342796 56.341022 8.127520
v -13.001774 69.342796 8.127520
v 69.342796 13.001774 8.127520
v 13.001774 -69.342796 8.127520
v -69.342796 -13.001774 8.127520
v -56.341022 0.000000 0.431775
v 13.001774 0.000000 0.431775
v 0.000000 -56.341022 0.431775
v 0.000000 13.001774 0.431775
v 21.669624 69.342796 8.127520
v 69.342796 -21.669624 8.127520
v -21.669624 -69.342796 8.127520
v -69.342796 21.669624 8.127520
v -47.673172 69.342796 8.127520
v 69.342796 47.673172 8.127520
v 47.673172 -69.342796 8.127520
v -69.342796 -47.673172 8.127520
v -21.669624 0.000000 0.431775
v 47.673172 0.000000 0.431775
v 0.000000 -21.669624 0.431775
v 0.000000 47.673172 0.431775
v 13.001774 34.671398 0.431775
v 47.673172 34.671398 0.431775
v 34.671398 13.001774 0.431775
v 34.671398 47.673172 0.431775
v 13.001774 -34.671398 0.431775
v 47.673172 -34.671398 0.431775
v 34.671398 -56.341022 0.431775
v 34.671398 -21.669624 0.431775
v -56.341022 -34.671398 0.431775
v -21.669624 -34.671398 0.431775
v -34.671398 -56.341022 0.431775
v -34.671398 -21.669624 0.431775
v -56.341022 34.671398 0.431775
v -21.669624 34.671398 0.431775
v -34.671398 13.001774 0.431775
v -34.671398 47.673172 0.431775
v 39.005322 69.342796 8.127520
v 69.342796 -39.005322 8.127520
v -39.005322 -69.342796 8.127520
v -69.342796 39.005322 8.127520
v -30.337473 69.342796 8.127520
v 69.342796 30.337473 8.127520
v 30.337473 -69.342796 8.127520
v -69.342796 -30.337473 8.127520
v -39.005322 0.000000 0.431775
v 30.337473 0.000000 0.431775
v 0.000000 -39.005322 0.431775
v 0.000000 30.337473 0.431775
v 4.333925 69.342796 8.127520
v 69.342796 -4.333925 8.127520
v -4.333925 -69.342796 8.127520
v -69.342796 4.333925 8.127520
v -65.008873 69.342796 8.127520
v 69.342796 65.008873 8.127520
v 65.008873 -69.342796 8.127520
v -69.342796 -65.008873 8.127520
v -4.333925 0.000000 0.431775
v 65.008873 0.000000 14.375810
v 0.000000 -4.333925 0.431775
v 0.000000 65.008873 14.375810
v 30.337473 34.671398 0.431775
v 65.008873 34.671398 14.375810
v 34.671398 30.337473 0.431775
v 34.671398 65.008873 14.375810
v 30.337473 -34.671398 0.431775
v 65.008873 -34.671398 14.375810
v 34.671398 -39.005322 0.431775
v 34.671398 -4.333925 0.431775
v -39.005322 -34.671398 0.431775
v -4.333925 -34.671398 0.431775
v -34.671398 -39.005322 0.431775
v -34.671398 -4.333925 0.431775
v -39.005322 34.671398 0.431775
v -4.333925 34.671398 0.431775
v -34.671398 30.337473 0.431775
v -34.671398 65.008873 14.375810
v -21.669624 52.007095 0.431775
v -4.333925 52.007095 0.431775
v -17.335699 47.673172 0.431775
v -17.335699 65.008873 14.375810
v -21.669624 17.335699 0.431775
v -4.333925 17.335699 0.431775
v -17.335699 13.001774 0.431775
v -17.335699 30.337473 0.431775
v -56.341022 17.335699 0.431775
v -39.005322 17.335699 0.431775
v -52.007095 13.001774 0.431775
v -52.007095 30.337473 0.431775
v -21.669624 -17.335699 0.431775
v -4.333925 -17.335699 0.431775
v -17.335699 -21.669624 0.431775
v -17.335699 -4.333925 0.431775
v -21.669624 -52.007095 0.431775
v -4.333925 -52.007095 0.431775
v -17.335699 -56.341022 0.431775
v -17.335699 -39.005322 0.431775
v -56.341022 -52.007095 0.431775
v -39.005322 -52.007095 0.431775
v -52.007095 -56.341022 0.431775
v -52.007095 -39.005322 0.431775
v 47.673172 -17.335699 0.431775
v 65.008873 -17.335699 14.375810
v 52.007095 -21.669624 0.431775
v 52.007095 -4.333925 0.431775
v 47.673172 -52.007095 0.431775
v 65.008873 -52.007095 14.375810
v 52.007095 -56.341022 0.431775
v 52.007095 -39.005322 0.431775
v 13.001774 -52.007095 0.431775
v 30.337473 -52.007095 0.431775
v 17.335699 -56.341022 0.431775
v 17.335699 -39.005322 0.431775
v 47.673172 52.007095 0.431775
v 65.008873 52.007095 14.375810
v 52.007095 47.673172 0.431775
v 52.007095 65.008873 14.375810
v 47.673172 17.335699 0.431775
v 65.008873 17.335699 14.375810
v 52.007095 13.001774 0.431775
v 52.007095 30.337473 0.431775
v 13.001774 17.335699 0.431775
v 30.337473 17.335699 0.431775
v 17.335699 13.001774 0.431775
v 17.335699 30.337473 0.431775
v 13.001774 52.007095 0.431775
v 30.337473 52.007095 0.431775
v 17.335699 47.673172 0.431775
v 17.335699 65.008873 14.375810
v 13.001774 -17.335699 0.431775
v 30.337473 -17.335699 0.431775
v 17.335699 -21.669624 0.431775
v 17.335699 -4.333925 0.431775
v -56.341022 -17.335699 0.431775
v -39.005322 -17.335699 0.431775
v -52.007095 -21.669624 0.431775
v -52.007095 -4.333925 0.431775
v -56.341022 52.007095 0.431775
v -39.005322 52.007095 0.431775
v -52.007095 47.673172 0.431775
v -52.007095 65.008873 14.375810
v -47.673172 60.674946 20.334906
v -39.005322 60.674946 20.334906
v -43.339249 56.341022 0.431775
v -43.339249 65.008873 14.375810
v -47.673172 43.339249 0.431775
v -39.005322 43.339249 0.431775
v -43.339249 39.005322 0.431775
v -43.339249 47.673172 0.431775
v -65.008873 43.339249 14.375810
v -56.341022 43.339249 0.431775
v -60.674946 39.005322 20.334906
v -60.674946 47.673172 20.334906
v -47.673172 -8.667850 0.431775
v -39.005322 -8.667850 0.431775
v -43.339249 -13.001774 0.431775
v -43.339249 -4.333925 0.431775
v -47.673172 -26.003548 0.431775
v -39.005322 -26.003548 0.431775
v -43.339249 -30.337473 0.431775
v -43.339249 -21.669624 0.431775
v -65.008873 -26.003548 14.375810
v -56.341022 -26.003548 0.431775
v -60.674946 -30.337473 20.334906
v -60.674946 -21.669624 20.334906
v 21.669624 -8.667850 0.431775
v 30.337473 -8.667850 0.431775
v 26.003548 -13.001774 0.431775
v 26.003548 -4.333925 0.431775
v 21.669624 -26.003548 0.431775
v 30.337473 -26.003548 0.431775
v 26.003548 -30.337473 0.431775
v 26.003548 -21.669624 0.431775
v 4.333925 -26.003548 0.431775
v 13.001774 -26.003548 0.431775
v 8.667850 -30.337473 0.431775
v 8.667850 -21.669624 0.431775
v 21.669624 60.674946 20.334906
v 30.337473 60.674946 20.334906
v 26.003548 56.341022 0.431775
v 26.003548 65.008873 14.375810
v 21.669624 43.339249 0.431775
v 30.337473 43.339249 0.431775
v 26.003548 39.005322 0.431775
v 26.003548 47.673172 0.431775
v 4.333925 43.339249 0.431775
v 13.001774 43.339249 0.431775
v 8.667850 39.005322 0.431775
v 8.667850 47.673172 0.431775
v 21.669624 26.003548 0.431775
v 30.337473 26.003548 0.431775
v 26.003548 21.669624 0.431775
v 26.003548 30.337473 0.431775
v 21.669624 8.667850 0.431775
v 30.337473 8.667850 0.431775
v 26.003548 4.333925 0.431775
v 26.003548 13.001774 0.431775
v 4.333925 8.667850 0.431775
v 13.001774 8.667850 0.431775
v 8.667850 4.333925 0.431775
v 8.667850 13.001774 0.431775
v 56.341022 26.003548 0.431775
v 65.008873 26.003548 14.375810
v 60.674946 21.669624 20.334906
v 60.674946 30.337473 20.334906
v 56.341022 8.667850 0.431775
v 65.008873 8.667850 14.375810
v 60.674946 4.333925 20.334906
v 60.674946 13.001774 20.334906
v 39.005322 8.667850 0.431775
v 47.673172 8.667850 0.431775
v 43.339249 4.333925 0.431775
v 43.339249 13.001774 0.431775
v 56.341022 60.674946 20.334906
v 65.008873 60.674946 14.375810
v 60.674946 56.341022 20.334906
v 60.674946 65.008873 14.375810
v 56.341022 43.339249 0.431775
v 65.008873 43.339249 14.375810
v 60.674946 39.005322 20.334906
v 60.674946 47.673172 20.334906
v 39.005322 43.339249 0.431775
v 47.673172 43.339249 0.431775
v 43.339249 39.005322 0.431775
v 43.339249 47.673172 0.431775
v 21.669624 -43.339249 0.431775
v 30.337473 -43.339249 0.431775
v 26.003548 -47.673172 0.431775
v 26.003548 -39.005322 0.431775
v 21.669624 -60.674946 20.334906
v 30.337473 -60.674946 20.334906
v 26.003548 -65.008873 14.375810
v 26.003548 -56.341022 0.431775
v 4.333925 -60.674946 20.334906
v 13.001774 -60.674946 20.334906
v 8.667850 -65.008873 14.375810
v 8.667850 -56.341022 0.431775
v 56.341022 -43.339249 0.431775
v 65.008873 -43.339249 14.375810
v 60.674946 -47.673172 20.334906
v 60.674946 -39.005322 20.334906
v 56.341022 -60.674946 20.334906
v 65.008873 -60.674946 14.375810
v 60.674946 -65.008873 14.375810
v 60.674946 -56.341022 20.334906
v 39.005322 -60.674946 20.334906
v 47.673172 -60.674946 20.334906
v 43.339249 -65.008873 14.375810
v 43.339249 -56.341022 0.431775
v 56.341022 -8.667850 0.431775
v 65.008873 -8.667850 14.375810
v 60.674946 -13.001774 20.334906
v 60.674946 -4.333925 20.334906
v 56.341022 -26.003548 0.431775
v 65.008873 -26.003548 14.375810
v 60.674946 -30.337473 20.334906
v 60.674946 -21.669624 20.334906
v 39.005322 -26.003548 0.431775
v 47.673172 -26.003548 0.431775
v 43.339249 -30.337473 0.431775
v 43.339249 -21.669624 0.431775
v -47.673172 -43.339249 0.431775
v -39.005322 -43.339249 0.431775
v -43.339249 -47.673172 0.431775
v -43.339249 -39.005322 0.431775
v -47.673172 -60.674946 20.334906
v -39.005322 -60.674946 20.334906
v -43.339249 -65.008873 14.375810
v -43.339249 -56.341022 0.431775
v -65.008873 -60.674946 14.375810
v -56.341022 -60.674946 20.334906
v -60.674946 -65.008873 14.375810
v -60.674946 -56.341022 20.334906
v -13.001774 -43.339249 0.431775
v -4.333925 -43.339249 0.431775
v -8.667850 -47.673172 0.431775
v -8.667850 -39.005322 0.431775
v -13.001774 -60.674946 20.334906
v -4.333925 -60.674946 20.334906
v -8.667850 -65.008873 14.375810
v -8.667850 -56.341022 0.431775
v -30.337473 -60.674946 20.334906
v -21.669624 -60.674946 20.334906
v -26.003548 -65.008873 14.375810
v -26.003548 -56.341022 0.431775
v -13.001774 -8.667850 0.431775
v -4.333925 -8.667850 0.431775
v -8.667850 -13.001774 0.431775
v -8.667850 -4.333925 0.431775
v -13.001774 -26.003548 0.431775
v -4.333925 -26.003548 0.431775
v -8.667850 -30.337473 0.431775
v -8.667850 -21.669624 0.431775
v -30.337473 -26.003548 0.431775
v -21.669624 -26.003548 0.431775
v -26.003548 -30.337473 0.431775
v -26.003548 -21.669624 0.431775
v -47.673172 26.003548 0.431775
v -39.005322 26.003548 0.431775
v -43.339249 21.669624 0.431775
v -43.339249 30.337473 0.431775
v -47.673172 8.667850 0.431775
v -39.005322 8.667850 0.431775
v -43.339249 4.333925 0.431775
v -43.339249 13.001774 0.431775
v -65.008873 8.667850 14.375810
v -56.341022 8.667850 0.431775
v -60.674946 4.333925 20.334906
v -60.674946 13.001774 20.334906
v -13.001774 26.003548 0.431775
v -4.333925 26.003548 0.431775
v -8.667850 21.669624 0.431775
v -8.667850 30.337473 0.431775
v -13.001774 8.667850 0.431775
v -4.333925 8.667850 0.431775
v -8.667850 4.333925 0.431775
v -8.667850 13.001774 0.431775
v -30.337473 8.667850 0.431775
v -21.669624 8.667850 0.431775
v -26.003548 4.333925 0.431775
v -26.003548 13.001774 0.431775
v -13.001774 60.674946 20.334906
v -4.333925 60.674946 20.334906
v -8.667850 56.341022 0.431775
v -8.667850 65.008873 14.375810
v -13.001774 43.339249 0.431775
v -4.333925 43.339249 0.431775
v -8.667850 39.005322 0.431775
v -8.667850 47.673172 0.431775
v -30.337473 43.339249 0.431775
v -21.669624 43.339249 0.431775
v -26.003548 39.005322 0.431775
v -26.003548 47.673172 0.431775
v -30.337473 60.674946 20.334906
v -21.669624 60.674946 20.334906
v -26.003548 56.341022 0.431775
v -26.003548 65.008873 14.375810
v -30.337473 26.003548 0.431775
v -21.669624 26.003548 0.431775
v -26.003548 21.669624 0.431775
v -26.003548 30.337473 0.431775
v -65.008873 26.003548 14.375810
v -56.341022 26.003548 0.431775
v -60.674946 21.669624 20.334906
v -60.674946 30.337473 20.334906
v -30.337473 -8.667850 0.431775
v -21.669624 -8.667850 0.431775
v -26.003548 -13.001774 0.431775
v -26.003548 -4.333925 0.431775
v -30.337473 -43.339249 0.431775
v -21.669624 -43.339249 0.431775
v -26.003548 -47.673172 0.431775
v -26.003548 -39.005322 0.431775
v -65.008873 -43.339249 14.375810
v -56.341022 -43.339249 0.431775
v -60.674946 -47.673172 20.334906
v -60.674946 -39.005322 20.334906
v 39.005322 -8.667850 0.431775
v 47.673172 -8.667850 0.431775
v 43.339249 -13.001774 0.431775
v 43.339249 -4.333925 0.431775
v 39.005322 -43.339249 0.431775
v 47.673172 -43.339249 0.431775
v 43.339249 -47.673172 0.431775
v 43.339249 -39.005322 0.431775
v 4.333925 -43.339249 0.431775
v 13.001774 -43.339249 0.431775
v 8.667850 -47.673172 0.431775
v 8.667850 -39.005322 0.431775
v 39.005322 60.674946 20.334906
v 47.673172 60.674946 20.334906
v 43.339249 56.341022 0.431775
v 43.339249 65.008873 14.375810
v 39.005322 26.003548 0.431775
v 47.673172 26.003548 0.431775
v 43.339249 21.669624 0.431775
v 43.339249 30.337473 0.431775
v 4.333925 26.003548 0.431775
v 13.001774 26.003548 0.431775
v 8.667850 21.669624 0.431775
v 8.667850 30.337473 0.431775
v 4.333925 60.674946 20.334906
v 13.001774 60.674946 20.334906
v 8.667850 56.341022 0.431775
v 8.667850 65.008873 14.375810
v 4.333925 -8.667850 0.431775
v 13.001774 -8.667850 0.431775
v 8.667850 -13.001774 0.431775
v 8.667850 -4.333925 0.431775
v -65.008873 -8.667850 14.375810
v -56.341022 -8.667850 0.431775
v -60.674946 -13.001774 20.334906
v -60.674946 -4.333925 20.334906
v -65.008873 60.674946 14.375810
v -56.341022 60.674946 20.334906
v -60.674946 56.341022 20.334906
v -60.674946 65.008873 14.375810
v -56.341022 65.008873 14.375810
v -56.341022 56.341022 0.431775
v -65.008873 56.341022 14.375810
v -56.341022 -4.333925 0.431775
v -56.341022 -13.001774 0.431775
v -65.008873 -13.001774 14.375810
v 13.001774 -4.333925 0.431775
v 13.001774 -13.001774 0.431775
v 4.333925 -13.001774 0.431775
v 13.001774 65.008873 14.375810
v 13.001774 56.341022 0.431775
v 4.333925 56.341022 0.431775
v 13.001774 30.337473 0.431775
v 13.001774 21.669624 0.431775
v 4.333925 21.669624 0.431775
v 47.673172 30.337473 0.431775
v 47.673172 21.669624 0.431775
v 39.005322 21.669624 0.431775
v 47.673172 65.008873 14.375810
v 47.673172 56.341022 0.431775
v 39.005322 56.341022 0.431775
v 13.001774 -39.005322 0.431775
v 13.001774 -47.673172 0.431775
v 4.333925 -47.673172 0.431775
v 47.673172 -39.005322 0.431775
v 47.673172 -47.673172 0.431775
v 39.005322 -47.673172 0.431775
v 47.673172 -4.333925 0.431775
v 47.673172 -13.001774 0.431775
v 39.005322 -13.001774 0.431775
v -56.341022 -39.005322 0.431775
v -56.341022 -47.673172 0.431775
v -65.008873 -47.673172 14.375810
v -21.669624 -39.005322 0.431775
v -21.669624 -47.673172 0.431775
v -30.337473 -47.673172 0.431775
v -21.669624 -4.333925 0.431775
v -21.669624 -13.001774 0.431775
v -30.337473 -13.001774 0.431775
v -56.341022 30.337473 0.431775
v -56.341022 21.669624 0.431775
v -65.008873 21.669624 14.375810
v -21.669624 30.337473 0.431775
v -21.669624 21.669624 0.431775
v -30.337473 21.669624 0.431775
v -21.669624 65.008873 14.375810
v -21.669624 56.341022 0.431775
v -30.337473 56.341022 0.431775
v -21.669624 47.673172 0.431775
v -21.669624 39.005322 0.431775
v -30.337473 39.005322 0.431775
v -4.333925 47.673172 0.431775
v -4.333925 39.005322 0.431775
v -13.001774 39.005322 0.431775
v -4.333925 65.008873 14.375810
v -4.333925 56.341022 0.431775
v -13.001774 56.341022 0.431775
v -21.669624 13.001774 0.431775
v -21.669624 4.333925 0.431775
v -30.337473 4.333925 0.431775
v -4.333925 13.001774 0.431775
v -4.333925 4.333925 0.431775
v -13.001774 4.333925 0.431775
v -4.333925 30.337473 0.431775
v -4.333925 21.669624 0.431775
v -13.001774 21.669624 0.431775
v -56.341022 13.001774 0.431775
v -56.341022 4.333925 0.431775
v -65.008873 4.333925 14.375810
v -39.005322 13.001774 0.431775
v -39.005322 4.333925 0.431775
v -47.673172 4.333925 0.431775
v -39.005322 30.337473 0.431775
v -39.005322 21.669624 0.431775
v -47.673172 21.669624 0.431775
v -21.669624 -21.669624 0.431775
v -21.669624 -30.337473 0.431775
v -30.337473 -30.337473 0.431775
v -4.333925 -21.669624 0.431775
v -4.333925 -30.337473 0.431775
v -13.001774 -30.337473 0.431775
v -4.333925 -4.333925 0.431775
v -4.333925 -13.001774 0.431775
v -13.001774 -13.001774 0.431775
v -21.669624 -56.341022 0.431775
v -21.669624 -65.008873 14.375810
v -30.337473 -65.008873 14.375810
v -4.333925 -56.341022 0.431775
v -4.333925 -65.008873 14.375810
v -13.001774 -65.008873 14.375810
v -4.333925 -39.005322 0.431775
v -4.333925 -47.673172 0.431775
v -13.001774 -47.673172 0.431775
v -56.341022 -56.341022 0.431775
v -56.341022 -65.008873 14.375810
v -65.008873 -65.008873 14.375810
v -39.005322 -56.341022 0.431775
v -39.005322 -65.008873 14.375810
v -47.673172 -65.008873 14.375810
v -39.005322 -39.005322 0.431775
v -39.005322 -47.673172 0.431775
v -47.673172 -47.673172 0.431775
v 47.673172 -21.669624 0.431775
v 47.673172 -30.337473 0.431775
v 39.005322 -30.337473 0.431775
v 65.008873 -21.669624 14.375810
v 65.008873 -30.337473 14.375810
v 56.341022 -30.337473 0.431775
v 65.008873 -4.333925 14.375810
v 65.008873 -13.001774 14.375810
v 56.341022 -13.001774 0.431775
v 47.673172 -56.341022 0.431775
v 47.673172 -65.008873 14.375810
v 39.005322 -65.008873 14.375810
v 65.008873 -56.341022 14.375810
v 65.008873 -65.008873 14.375810
v 56.341022 -65.008873 14.375810
v 65.008873 -39.005322 14.375810
v 65.008873 -47.673172 14.375810
v 56.341022 -47.673172 0.431775
v 13.001774 -56.341022 0.431775
v 13.001774 -65.008873 14.375810
v 4.333925 -65.008873 14.375810
v 30.337473 -56.341022 0.431775
v 30.337473 -65.008873 14.375810
v 21.669624 -65.008873 14.375810
v 30.337473 -39.005322 0.431775
v 30.337473 -47.673172 0.431775
v 21.669624 -47.673172 0.431775
v 47.673172 47.673172 0.431775
v 47.673172 39.005322 0.431775
v 39.005322 39.005322 0.431775
v 65.008873 47.673172 14.375810
v 65.008873 39.005322 14.375810
v 56.341022 39.005322 0.431775
v 65.008873 65.008873 14.375810
v 65.008873 56.341022 14.375810
v 56.341022 56.341022 0.431775
v 47.673172 13.001774 0.431775
v 47.673172 4.333925 0.431775
v 39.005322 4.333925 0.431775
v 65.008873 13.001774 14.375810
v 65.008873 4.333925 14.375810
v 56.341022 4.333925 0.431775
v 65.008873 30.337473 14.375810
v 65.008873 21.669624 14.375810
v 56.341022 21.669624 0.431775
v 13.001774 13.001774 0.431775
v 13.001774 4.333925 0.431775
v 4.333925 4.333925 0.431775
v 30.337473 13.001774 0.431775
v 30.337473 4.333925 0.431775
v 21.669624 4.333925 0.431775
v 30.337473 30.337473 0.431775
v 30.337473 21.669624 0.431775
v 21.669624 21.669624 0.431775
v 13.001774 47.673172 0.431775
v 13.001774 39.005322 0.431775
v 4.333925 39.005322 0.431775
v 30.337473 47.673172 0.431775
v 30.337473 39.005322 0.431775
v 21.669624 39.005322 0.431775
v 30.337473 65.008873 14.375810
v 30.337473 56.341022 0.431775
v 21.669624 56.341022 0.431775
v 13.001774 -21.669624 0.431775
v 13.001774 -30.337473 0.431775
v 4.333925 -30.337473 0.431775
v 30.337473 -21.669624 0.431775
v 30.337473 -30.337473 0.431775
v 21.669624 -30.337473 0.431775
v 30.337473 -4.333925 0.431775
v 30.337473 -13.001774 0.431775
v 21.669624 -13.001774 0.431775
v -56.341022 -21.669624 0.431775
v -56.341022 -30.337473 0.431775
v -65.008873 -30.337473 14.375810
v -39.005322 -21.669624 0.431775
v -39.005322 -30.337473 0.431775
v -47.673172 -30.337473 0.431775
v -39.005322 -4.333925 0.431775
v -39.005322 -13.001774 0.431775
v -47.673172 -13.001774 0.431775
v -56.341022 47.673172 0.431775
v -56.341022 39.005322 0.431775
v -65.008873 39.005322 14.375810
v -39.005322 47.673172 0.431775
v -39.005322 39.005322 0.431775
v -47.673172 39.005322 0.431775
v -39.005322 65.008873 14.375810
v -39.005322 56.341022 0.431775
v -47.673172 56.341022 0.431775
v -47.673172 65.008873 14.375810
v -47.673172 47.673172 0.431775
v -65.008873 47.673172 14.375810
v -47.673172 -4.333925 0.431775
v -47.673172 -21.669624 0.431775
v -65.008873 -21.669624 14.375810
v 21.669624 -4.333925 0.431775
v 21.669624 -21.669624 0.431775
v 4.333925 -21.669624 0.431775
v 21.669624 65.008873 14.375810
v 21.669624 47.673172 0.431775
v 4.333925 47.673172 0.431775
v 21.669624 30.337473 0.431775
v 21.669624 13.001774 0.431775
v 4.333925 13.001774 0.431775
v 56.341022 30.337473 0.431775
v 56.341022 13.001774 0.431775
v 39.005322 13.001774 0.431775
v 56.341022 65.008873 14.375810
v 56.341022 47.673172 0.431775
v 39.005322 47.673172 0.431775
v 21.669624 -39.005322 0.431775
v 21.669624 -56.341022 0.431775
v 4.333925 -56.341022 0.431775
v 56.341022 -39.005322 0.431775
v 56.341022 -56.341022 0.431775
v 39.005322 -56.341022 0.431775
v 56.341022 -4.333925 0.431775
v 56.341022 -21.669624 0.431775
v 39.005322 -21.669624 0.431775
v -47.673172 -39.005322 0.431775
v -47.673172 -56.341022 0.431775
v -65.008873 -56.341022 14.375810
v -13.001774 -39.005322 0.431775
v -13.001774 -56.341022 0.431775
v -30.337473 -56.341022 0.431775
v -13.001774 -4.333925 0.431775
v -13.001774 -21.669624 0.431775
v -30.337473 -21.669624 0.431775
v -47.673172 30.337473 0.431775
v -47.673172 13.001774 0.431775
v -65.008873 13.001774 14.375810
v -13.001774 30.337473 0.431775
v -13.001774 13.001774 0.431775
v -30.337473 13.001774 0.431775
v -13.001774 65.008873 14.375810
v -13.001774 47.673172 0.431775
v -30.337473 47.673172 0.431775
v -30.337473 65.008873 14.375810
v -30.337473 30.337473 0.431775
v -65.008873 30.337473 14.375810
v -30.337473 -4.333925 0.431775
v -30.337473 -39.005322 0.431775
v -65.008873 -39.005322 14.375810
v 39.005322 -4.333925 0.431775
v 39.005322 -39.005322 0.431775
v 4.333925 -39.005322 0.431775
v 39.005322 65.008873 14.375810
v 39.005322 30.337473 0.431775
v 4.333925 30.337473 0.431775
v 4.333925 65.008873 14.375810
v 4.333925 -4.333925 0.431775
v -65.008873 -4.333925 14.375810
v -65.008873 65.008873 14.375810
vn -0.0000 1.0000 -0.0000
vn 1.0000 -0.0000 -0.0000
vn -0.0000 -1.0000 -0.0000
vn -1.0000 -0.0000 -0.0000
vn -0.0000 -0.0000 -1.0000
vn -0.6349 0.6349 0.4403
vn -0.8217 -0.0000 0.5699
vn -0.0000 -0.0000 1.0000
vn -0.0000 0.8217 0.5699
vn -0.0000 -0.9771 0.2128
vn 0.9771 -0.0000 0.2128
vn 0.8087 -0.0000 0.5882
vn -0.0000 -0.8087 0.5882
vn 0.6989 -0.6989 0.1522
vn -0.0000 0.8087 0.5882
vn -0.8087 -0.0000 0.5882
vn -0.0000 0.9771 0.2128
vn -0.0000 -0.8217 0.5699
vn 0.8217 -0.0000 0.5699
vn -0.9771 -0.0000 0.2128
vn 0.6288 0.6288 0.4573
vn 0.6349 0.6349 0.4403
vn -0.6989 -0.6989 0.1522
vn -0.6288 0.6288 0.4573
vn 0.6288 -0.6288 0.4573
vn 0.6989 0.6989 0.1522
vn -0.6349 -0.6349 0.4403
vn -0.6288 -0.6288 0.4573
vn 0.6349 -0.6349 0.4403
vn -0.6989 0.6989 0.1522
vt 0.625000 0.125000
vt 0.625000 0.132812
vt 0.375000 0.250000
vt 0.625000 0.375000
vt 0.625000 0.382812
vt 0.375000 0.500000
vt 0.625000 0.625000
vt 0.625000 0.632812
vt 0.375000 0.750000
vt 0.625000 0.875000
vt 0.625000 0.882812
vt 0.375000 1.000000
vt 0.125000 0.750000
vt 0.125000 0.500000
vt 0.875000 0.742188
vt 0.867188 0.750000
vt 0.867188 0.742188
vt 0.750000 0.742188
vt 0.742188 0.750000
vt 0.742188 0.742188
vt 0.750000 0.617188
vt 0.742188 0.625000
vt 0.742188 0.617188
vt 0.875000 0.617188
vt 0.867188 0.625000
vt 0.867188 0.617188
vt 0.812500 0.617188
vt 0.804688 0.625000
vt 0.804688 0.617188
vt 0.812500 0.554688
vt 0.804688 0.562500
vt 0.804688 0.554688
vt 0.875000 0.554688
vt 0.867188 0.562500
vt 0.867188 0.554688
vt 0.687500 0.617188
vt 0.679688 0.625000
vt 0.679688 0.617188
vt 0.687500 0.554688
vt 0.679688 0.562500
vt 0.679688 0.554688
vt 0.750000 0.554688
vt 0.742188 0.562500
vt 0.742188 0.554688
vt 0.687500 0.742188
vt 0.679688 0.750000
vt 0.679688 0.742188
vt 0.687500 0.679688
vt 0.679688 0.687500
vt 0.679688 0.679688
vt 0.750000 0.679688
vt 0.742188 0.687500
vt 0.742188 0.679688
vt 0.812500 0.742188
vt 0.804688 0.750000
vt 0.804688 0.742188
vt 0.812500 0.679688
vt 0.804688 0.687500
vt 0.804688 0.679688
vt 0.875000 0.679688
vt 0.867188 0.687500
vt 0.867188 0.679688
vt 0.843750 0.679688
vt 0.835938 0.687500
vt 0.835938 0.679688
vt 0.843750 0.648438
vt 0.835938 0.656250
vt 0.835938 0.648438
vt 0.875000 0.648438
vt 0.867188 0.656250
vt 0.867188 0.648438
vt 0.781250 0.679688
vt 0.773438 0.687500
vt 0.773438 0.679688
vt 0.781250 0.648438
vt 0.773438 0.656250
vt 0.773438 0.648438
vt 0.812500 0.648438
vt 0.804688 0.656250
vt 0.804688 0.648438
vt 0.781250 0.742188
vt 0.773438 0.750000
vt 0.773438 0.742188
vt 0.781250 0.710938
vt 0.773438 0.718750
vt 0.773438 0.710938
vt 0.812500 0.710938
vt 0.804688 0.718750
vt 0.804688 0.710938
vt 0.718750 0.679688
vt 0.710938 0.687500
vt 0.710938 0.679688
vt 0.718750 0.648438
vt 0.710938 0.656250
vt 0.710938 0.648438
vt 0.750000 0.648438
vt 0.742188 0.656250
vt 0.742188 0.648438
vt 0.656250 0.679688
vt 0.648438 0.687500
vt 0.648438 0.679688
vt 0.656250 0.648438
vt 0.648438 0.656250
vt 0.648438 0.648438
vt 0.687500 0.648438
vt 0.679688 0.656250
vt 0.679688 0.648438
vt 0.656250 0.742188
vt 0.648438 0.750000
vt 0.648438 0.742188
vt 0.656250 0.710938
vt 0.648438 0.718750
vt 0.648438 0.710938
vt 0.687500 0.710938
vt 0.679688 0.718750
vt 0.679688 0.710938
vt 0.718750 0.554688
vt 0.710938 0.562500
vt 0.710938 0.554688
vt 0.718750 0.523438
vt 0.710938 0.531250
vt 0.710938 0.523438
vt 0.750000 0.523438
vt 0.742188 0.531250
vt 0.742188 0.523438
vt 0.656250 0.554688
vt 0.648438 0.562500
vt 0.648438 0.554688
vt 0.656250 0.523438
vt 0.648438 0.531250
vt 0.648438 0.523438
vt 0.687500 0.523438
vt 0.679688 0.531250
vt 0.679688 0.523438
vt 0.656250 0.617188
vt 0.648438 0.625000
vt 0.648438 0.617188
vt 0.656250 0.585938
vt 0.648438 0.593750
vt 0.648438 0.585938
vt 0.687500 0.585938
vt 0.679688 0.593750
vt 0.679688 0.585938
vt 0.843750 0.554688
vt 0.835938 0.562500
vt 0.835938 0.554688
vt 0.843750 0.523438
vt 0.835938 0.531250
vt 0.835938 0.523438
vt 0.875000 0.523438
vt 0.867188 0.531250
vt 0.867188 0.523438
vt 0.781250 0.554688
vt 0.773438 0.562500
vt 0.773438 0.554688
vt 0.781250 0.523438
vt 0.773438 0.531250
vt 0.773438 0.523438
vt 0.812500 0.523438
vt 0.804688 0.531250
vt 0.804688 0.523438
vt 0.781250 0.617188
vt 0.773438 0.625000
vt 0.773438 0.617188
vt 0.781250 0.585938
vt 0.773438 0.593750
vt 0.773438 0.585938
vt 0.812500 0.585938
vt 0.804688 0.593750
vt 0.804688 0.585938
vt 0.843750 0.617188
vt 0.835938 0.625000
vt 0.835938 0.617188
vt 0.843750 0.585938
vt 0.835938 0.593750
vt 0.835938 0.585938
vt 0.875000 0.585938
vt 0.867188 0.593750
vt 0.867188 0.585938
vt 0.718750 0.617188
vt 0.710938 0.625000
vt 0.710938 0.617188
vt 0.718750 0.585938
vt 0.710938 0.593750
vt 0.710938 0.585938
vt 0.750000 0.585938
vt 0.742188 0.593750
vt 0.742188 0.585938
vt 0.718750 0.742188
vt 0.710938 0.750000
vt 0.710938 0.742188
vt 0.718750 0.710938
vt 0.710938 0.718750
vt 0.710938 0.710938
vt 0.750000 0.710938
vt 0.742188 0.718750
vt 0.742188 0.710938
vt 0.843750 0.742188
vt 0.835938 0.750000
vt 0.835938 0.742188
vt 0.843750 0.710938
vt 0.835938 0.718750
vt 0.835938 0.710938
vt 0.875000 0.710938
vt 0.867188 0.718750
vt 0.867188 0.710938
vt 0.859375 0.710938
vt 0.851562 0.718750
vt 0.851562 0.710938
vt 0.859375 0.695312
vt 0.851562 0.703125
vt 0.851562 0.695312
vt 0.875000 0.695312
vt 0.867188 0.703125
vt 0.867188 0.695312
vt 0.828125 0.710938
vt 0.820312 0.718750
vt 0.820312 0.710938
vt 0.828125 0.695312
vt 0.820312 0.703125
vt 0.820312 0.695312
vt 0.843750 0.695312
vt 0.835938 0.703125
vt 0.835938 0.695312
vt 0.828125 0.742188
vt 0.820312 0.750000
vt 0.820312 0.742188
vt 0.828125 0.726562
vt 0.820312 0.734375
vt 0.820312 0.726562
vt 0.843750 0.726562
vt 0.835938 0.734375
vt 0.835938 0.726562
vt 0.734375 0.710938
vt 0.726562 0.718750
vt 0.726562 0.710938
vt 0.734375 0.695312
vt 0.726562 0.703125
vt 0.726562 0.695312
vt 0.750000 0.695312
vt 0.742188 0.703125
vt 0.742188 0.695312
vt 0.703125 0.710938
vt 0.695312 0.718750
vt 0.695312 0.710938
vt 0.703125 0.695312
vt 0.695312 0.703125
vt 0.695312 0.695312
vt 0.718750 0.695312
vt 0.710938 0.703125
vt 0.710938 0.695312
vt 0.703125 0.742188
vt 0.695312 0.750000
vt 0.695312 0.742188
vt 0.703125 0.726562
vt 0.695312 0.734375
vt 0.695312 0.726562
vt 0.718750 0.726562
vt 0.710938 0.734375
vt 0.710938 0.726562
vt 0.734375 0.585938
vt 0.726562 0.593750
vt 0.726562 0.585938
vt 0.734375 0.570312
vt 0.726562 0.578125
vt 0.726562 0.570312
vt 0.750000 0.570312
vt 0.742188 0.578125
vt 0.742188 0.570312
vt 0.703125 0.585938
vt 0.695312 0.593750
vt 0.695312 0.585938
vt 0.703125 0.570312
vt 0.695312 0.578125
vt 0.695312 0.570312
vt 0.718750 0.570312
vt 0.710938 0.578125
vt 0.710938 0.570312
vt 0.703125 0.617188
vt 0.695312 0.625000
vt 0.695312 0.617188
vt 0.703125 0.601562
vt 0.695312 0.609375
vt 0.695312 0.601562
vt 0.718750 0.601562
vt 0.710938 0.609375
vt 0.710938 0.601562
vt 0.859375 0.585938
vt 0.851562 0.593750
vt 0.851562 0.585938
vt 0.859375 0.570312
vt 0.851562 0.578125
vt 0.851562 0.570312
vt 0.875000 0.570312
vt 0.867188 0.578125
vt 0.867188 0.570312
vt 0.828125 0.585938
vt 0.820312 0.593750
vt 0.820312 0.585938
vt 0.828125 0.570312
vt 0.820312 0.578125
vt 0.820312 0.570312
vt 0.843750 0.570312
vt 0.835938 0.578125
vt 0.835938 0.570312
vt 0.828125 0.617188
vt 0.820312 0.625000
vt 0.820312 0.617188
vt 0.828125 0.601562
vt 0.820312 0.609375
vt 0.820312 0.601562
vt 0.843750 0.601562
vt 0.835938 0.609375
vt 0.835938 0.601562
vt 0.796875 0.585938
vt 0.789062 0.593750
vt 0.789062 0.585938
vt 0.796875 0.570312
vt 0.789062 0.578125
vt 0.789062 0.570312
vt 0.812500 0.570312
vt 0.804688 0.578125
vt 0.804688 0.570312
vt 0.765625 0.585938
vt 0.757812 0.593750
vt 0.757812 0.585938
vt 0.765625 0.570312
vt 0.757812 0.578125
vt 0.757812 0.570312
vt 0.781250 0.570312
vt 0.773438 0.578125
vt 0.773438 0.570312
vt 0.765625 0.617188
vt 0.757812 0.625000
vt 0.757812 0.617188
vt 0.765625 0.601562
vt 0.757812 0.609375
vt 0.757812 0.601562
vt 0.781250 0.601562
vt 0.773438 0.609375
vt 0.773438 0.601562
vt 0.796875 0.523438
vt 0.789062 0.531250
vt 0.789062 0.523438
vt 0.796875 0.507812
vt 0.789062 0.515625
vt 0.789062 0.507812
vt 0.812500 0.507812
vt 0.804688 0.515625
vt 0.804688 0.507812
vt 0.765625 0.523438
vt 0.757812 0.531250
vt 0.757812 0.523438
vt 0.765625 0.507812
vt 0.757812 0.515625
vt 0.757812 0.507812
vt 0.781250 0.507812
vt 0.773438 0.515625
vt 0.773438 0.507812
vt 0.765625 0.554688
vt 0.757812 0.562500
vt 0.757812 0.554688
vt 0.765625 0.539062
vt 0.757812 0.546875
vt 0.757812 0.539062
vt 0.781250 0.539062
vt 0.773438 0.546875
vt 0.773438 0.539062
vt 0.859375 0.523438
vt 0.851562 0.531250
vt 0.851562 0.523438
vt 0.859375 0.507812
vt 0.851562 0.515625
vt 0.851562 0.507812
vt 0.875000 0.507812
vt 0.867188 0.515625
vt 0.867188 0.507812
vt 0.828125 0.523438
vt 0.820312 0.531250
vt 0.820312 0.523438
vt 0.828125 0.507812
vt 0.820312 0.515625
vt 0.820312 0.507812
vt 0.843750 0.507812
vt 0.835938 0.515625
vt 0.835938 0.507812
vt 0.828125 0.554688
vt 0.820312 0.562500
vt 0.820312 0.554688
vt 0.828125 0.539062
vt 0.820312 0.546875
vt 0.820312 0.539062
vt 0.843750 0.539062
vt 0.835938 0.546875
vt 0.835938 0.539062
vt 0.671875 0.585938
vt 0.664062 0.593750
vt 0.664062 0.585938
vt 0.671875 0.570312
vt 0.664062 0.578125
vt 0.664062 0.570312
vt 0.687500 0.570312
vt 0.679688 0.578125
vt 0.679688 0.570312
vt 0.640625 0.585938
vt 0.632812 0.593750
vt 0.632812 0.585938
vt 0.640625 0.570312
vt 0.632812 0.578125
vt 0.632812 0.570312
vt 0.656250 0.570312
vt 0.648438 0.578125
vt 0.648438 0.570312
vt 0.640625 0.617188
vt 0.632812 0.625000
vt 0.632812 0.617188
vt 0.640625 0.601562
vt 0.632812 0.609375
vt 0.632812 0.601562
vt 0.656250 0.601562
vt 0.648438 0.609375
vt 0.648438 0.601562
vt 0.671875 0.523438
vt 0.664062 0.531250
vt 0.664062 0.523438
vt 0.671875 0.507812
vt 0.664062 0.515625
vt 0.664062 0.507812
vt 0.687500 0.507812
vt 0.679688 0.515625
vt 0.679688 0.507812
vt 0.640625 0.523438
vt 0.632812 0.531250
vt 0.632812 0.523438
vt 0.640625 0.507812
vt 0.632812 0.515625
vt 0.632812 0.507812
vt 0.656250 0.507812
vt 0.648438 0.515625
vt 0.648438 0.507812
vt 0.640625 0.554688
vt 0.632812 0.562500
vt 0.632812 0.554688
vt 0.640625 0.539062
vt 0.632812 0.546875
vt 0.632812 0.539062
vt 0.656250 0.539062
vt 0.648438 0.546875
vt 0.648438 0.539062
vt 0.734375 0.523438
vt 0.726562 0.531250
vt 0.726562 0.523438
vt 0.734375 0.507812
vt 0.726562 0.515625
vt 0.726562 0.507812
vt 0.750000 0.507812
vt 0.742188 0.515625
vt 0.742188 0.507812
vt 0.703125 0.523438
vt 0.695312 0.531250
vt 0.695312 0.523438
vt 0.703125 0.507812
vt 0.695312 0.515625
vt 0.695312 0.507812
vt 0.718750 0.507812
vt 0.710938 0.515625
vt 0.710938 0.507812
vt 0.703125 0.554688
vt 0.695312 0.562500
vt 0.695312 0.554688
vt 0.703125 0.539062
vt 0.695312 0.546875
vt 0.695312 0.539062
vt 0.718750 0.539062
vt 0.710938 0.546875
vt 0.710938 0.539062
vt 0.671875 0.710938
vt 0.664062 0.718750
vt 0.664062 0.710938
vt 0.671875 0.695312
vt 0.664062 0.703125
vt 0.664062 0.695312
vt 0.687500 0.695312
vt 0.679688 0.703125
vt 0.679688 0.695312
vt 0.640625 0.710938
vt 0.632812 0.718750
vt 0.632812 0.710938
vt 0.640625 0.695312
vt 0.632812 0.703125
vt 0.632812 0.695312
vt 0.656250 0.695312
vt 0.648438 0.703125
vt 0.648438 0.695312
vt 0.640625 0.742188
vt 0.632812 0.750000
vt 0.632812 0.742188
vt 0.640625 0.726562
vt 0.632812 0.734375
vt 0.632812 0.726562
vt 0.656250 0.726562
vt 0.648438 0.734375
vt 0.648438 0.726562
vt 0.671875 0.648438
vt 0.664062 0.656250
vt 0.664062 0.648438
vt 0.671875 0.632812
vt 0.664062 0.640625
vt 0.664062 0.632812
vt 0.687500 0.632812
vt 0.679688 0.640625
vt 0.679688 0.632812
vt 0.640625 0.648438
vt 0.632812 0.656250
vt 0.632812 0.648438
vt 0.640625 0.632812
vt 0.632812 0.640625
vt 0.632812 0.632812
vt 0.656250 0.632812
vt 0.648438 0.640625
vt 0.648438 0.632812
vt 0.640625 0.679688
vt 0.632812 0.687500
vt 0.632812 0.679688
vt 0.640625 0.664062
vt 0.632812 0.671875
vt 0.632812 0.664062
vt 0.656250 0.664062
vt 0.648438 0.671875
vt 0.648438 0.664062
vt 0.734375 0.648438
vt 0.726562 0.656250
vt 0.726562 0.648438
vt 0.734375 0.632812
vt 0.726562 0.640625
vt 0.726562 0.632812
vt 0.750000 0.632812
vt 0.742188 0.640625
vt 0.742188 0.632812
vt 0.703125 0.648438
vt 0.695312 0.656250
vt 0.695312 0.648438
vt 0.703125 0.632812
vt 0.695312 0.640625
vt 0.695312 0.632812
vt 0.718750 0.632812
vt 0.710938 0.640625
vt 0.710938 0.632812
vt 0.703125 0.679688
vt 0.695312 0.687500
vt 0.695312 0.679688
vt 0.703125 0.664062
vt 0.695312 0.671875
vt 0.695312 0.664062
vt 0.718750 0.664062
vt 0.710938 0.671875
vt 0.710938 0.664062
vt 0.796875 0.710938
vt 0.789062 0.718750
vt 0.789062 0.710938
vt 0.796875 0.695312
vt 0.789062 0.703125
vt 0.789062 0.695312
vt 0.812500 0.695312
vt 0.804688 0.703125
vt 0.804688 0.695312
vt 0.765625 0.710938
vt 0.757812 0.718750
vt 0.757812 0.710938
vt 0.765625 0.695312
vt 0.757812 0.703125
vt 0.757812 0.695312
vt 0.781250 0.695312
vt 0.773438 0.703125
vt 0.773438 0.695312
vt 0.765625 0.742188
vt 0.757812 0.750000
vt 0.757812 0.742188
vt 0.765625 0.726562
vt 0.757812 0.734375
vt 0.757812 0.726562
vt 0.781250 0.726562
vt 0.773438 0.734375
vt 0.773438 0.726562
vt 0.796875 0.648438
vt 0.789062 0.656250
vt 0.789062 0.648438
vt 0.796875 0.632812
vt 0.789062 0.640625
vt 0.789062 0.632812
vt 0.812500 0.632812
vt 0.804688 0.640625
vt 0.804688 0.632812
vt 0.765625 0.648438
vt 0.757812 0.656250
vt 0.757812 0.648438
vt 0.765625 0.632812
vt 0.757812 0.640625
vt 0.757812 0.632812
vt 0.781250 0.632812
vt 0.773438 0.640625
vt 0.773438 0.632812
vt 0.765625 0.679688
vt 0.757812 0.687500
vt 0.757812 0.679688
vt 0.765625 0.664062
vt 0.757812 0.671875
vt 0.757812 0.664062
vt 0.781250 0.664062
vt 0.773438 0.671875
vt 0.773438 0.664062
vt 0.859375 0.648438
vt 0.851562 0.656250
vt 0.851562 0.648438
vt 0.859375 0.632812
vt 0.851562 0.640625
vt 0.851562 0.632812
vt 0.875000 0.632812
vt 0.867188 0.640625
vt 0.867188 0.632812
vt 0.828125 0.648438
vt 0.820312 0.656250
vt 0.820312 0.648438
vt 0.828125 0.632812
vt 0.820312 0.640625
vt 0.820312 0.632812
vt 0.843750 0.632812
vt 0.835938 0.640625
vt 0.835938 0.632812
vt 0.828125 0.679688
vt 0.820312 0.687500
vt 0.820312 0.679688
vt 0.828125 0.664062
vt 0.820312 0.671875
vt 0.820312 0.664062
vt 0.843750 0.664062
vt 0.835938 0.671875
vt 0.835938 0.664062
vt 0.859375 0.679688
vt 0.851562 0.687500
vt 0.851562 0.679688
vt 0.859375 0.664062
vt 0.851562 0.671875
vt 0.851562 0.664062
vt 0.875000 0.664062
vt 0.867188 0.671875
vt 0.867188 0.664062
vt 0.796875 0.679688
vt 0.789062 0.687500
vt 0.789062 0.679688
vt 0.796875 0.664062
vt 0.789062 0.671875
vt 0.789062 0.664062
vt 0.812500 0.664062
vt 0.804688 0.671875
vt 0.804688 0.664062
vt 0.796875 0.742188
vt 0.789062 0.750000
vt 0.789062 0.742188
vt 0.796875 0.726562
vt 0.789062 0.734375
vt 0.789062 0.726562
vt 0.812500 0.726562
vt 0.804688 0.734375
vt 0.804688 0.726562
vt 0.734375 0.679688
vt 0.726562 0.687500
vt 0.726562 0.679688
vt 0.734375 0.664062
vt 0.726562 0.671875
vt 0.726562 0.664062
vt 0.750000 0.664062
vt 0.742188 0.671875
vt 0.742188 0.664062
vt 0.671875 0.679688
vt 0.664062 0.687500
vt 0.664062 0.679688
vt 0.671875 0.664062
vt 0.664062 0.671875
vt 0.664062 0.664062
vt 0.687500 0.664062
vt 0.679688 0.671875
vt 0.679688 0.664062
vt 0.671875 0.742188
vt 0.664062 0.750000
vt 0.664062 0.742188
vt 0.671875 0.726562
vt 0.664062 0.734375
vt 0.664062 0.726562
vt 0.687500 0.726562
vt 0.679688 0.734375
vt 0.679688 0.726562
vt 0.734375 0.554688
vt 0.726562 0.562500
vt 0.726562 0.554688
vt 0.734375 0.539062
vt 0.726562 0.546875
vt 0.726562 0.539062
vt 0.750000 0.539062
vt 0.742188 0.546875
vt 0.742188 0.539062
vt 0.671875 0.554688
vt 0.664062 0.562500
vt 0.664062 0.554688
vt 0.671875 0.539062
vt 0.664062 0.546875
vt 0.664062 0.539062
vt 0.687500 0.539062
vt 0.679688 0.546875
vt 0.679688 0.539062
vt 0.671875 0.617188
vt 0.664062 0.625000
vt 0.664062 0.617188
vt 0.671875 0.601562
vt 0.664062 0.609375
vt 0.664062 0.601562
vt 0.687500 0.601562
vt 0.679688 0.609375
vt 0.679688 0.601562
vt 0.859375 0.554688
vt 0.851562 0.562500
vt 0.851562 0.554688
vt 0.859375 0.539062
vt 0.851562 0.546875
vt 0.851562 0.539062
vt 0.875000 0.539062
vt 0.867188 0.546875
vt 0.867188 0.539062
vt 0.796875 0.554688
vt 0.789062 0.562500
vt 0.789062 0.554688
vt 0.796875 0.539062
vt 0.789062 0.546875
vt 0.789062 0.539062
vt 0.812500 0.539062
vt 0.804688 0.546875
vt 0.804688 0.539062
vt 0.796875 0.617188
vt 0.789062 0.625000
vt 0.789062 0.617188
vt 0.796875 0.601562
vt 0.789062 0.609375
vt 0.789062 0.601562
vt 0.812500 0.601562
vt 0.804688 0.609375
vt 0.804688 0.601562
vt 0.859375 0.617188
vt 0.851562 0.625000
vt 0.851562 0.617188
vt 0.859375 0.601562
vt 0.851562 0.609375
vt 0.851562 0.601562
vt 0.875000 0.601562
vt 0.867188 0.609375
vt 0.867188 0.601562
vt 0.734375 0.617188
vt 0.726562 0.625000
vt 0.726562 0.617188
vt 0.734375 0.601562
vt 0.726562 0.609375
vt 0.726562 0.601562
vt 0.750000 0.601562
vt 0.742188 0.609375
vt 0.742188 0.601562
vt 0.734375 0.742188
vt 0.726562 0.750000
vt 0.726562 0.742188
vt 0.734375 0.726562
vt 0.726562 0.734375
vt 0.726562 0.726562
vt 0.750000 0.726562
vt 0.742188 0.734375
vt 0.742188 0.726562
vt 0.859375 0.742188
vt 0.851562 0.750000
vt 0.851562 0.742188
vt 0.859375 0.726562
vt 0.851562 0.734375
vt 0.851562 0.726562
vt 0.875000 0.726562
vt 0.867188 0.734375
vt 0.867188 0.726562
vt 0.859375 0.734375
vt 0.859375 0.718750
vt 0.875000 0.718750
vt 0.843750 0.734375
vt 0.843750 0.718750
vt 0.843750 0.750000
vt 0.734375 0.734375
vt 0.734375 0.718750
vt 0.750000 0.718750
vt 0.718750 0.734375
vt 0.718750 0.718750
vt 0.718750 0.750000
vt 0.734375 0.609375
vt 0.734375 0.593750
vt 0.750000 0.593750
vt 0.718750 0.609375
vt 0.718750 0.593750
vt 0.718750 0.625000
vt 0.859375 0.609375
vt 0.859375 0.593750
vt 0.875000 0.593750
vt 0.843750 0.609375
vt 0.843750 0.593750
vt 0.843750 0.625000
vt 0.796875 0.609375
vt 0.796875 0.593750
vt 0.812500 0.593750
vt 0.781250 0.609375
vt 0.781250 0.593750
vt 0.781250 0.625000
vt 0.796875 0.546875
vt 0.796875 0.531250
vt 0.812500 0.531250
vt 0.781250 0.546875
vt 0.781250 0.531250
vt 0.781250 0.562500
vt 0.859375 0.546875
vt 0.859375 0.531250
vt 0.875000 0.531250
vt 0.843750 0.546875
vt 0.843750 0.531250
vt 0.843750 0.562500
vt 0.671875 0.609375
vt 0.671875 0.593750
vt 0.687500 0.593750
vt 0.656250 0.609375
vt 0.656250 0.593750
vt 0.656250 0.625000
vt 0.671875 0.546875
vt 0.671875 0.531250
vt 0.687500 0.531250
vt 0.656250 0.546875
vt 0.656250 0.531250
vt 0.656250 0.562500
vt 0.734375 0.546875
vt 0.734375 0.531250
vt 0.750000 0.531250
vt 0.718750 0.546875
vt 0.718750 0.531250
vt 0.718750 0.562500
vt 0.671875 0.734375
vt 0.671875 0.718750
vt 0.687500 0.718750
vt 0.656250 0.734375
vt 0.656250 0.718750
vt 0.656250 0.750000
vt 0.671875 0.671875
vt 0.671875 0.656250
vt 0.687500 0.656250
vt 0.656250 0.671875
vt 0.656250 0.656250
vt 0.656250 0.687500
vt 0.734375 0.671875
vt 0.734375 0.656250
vt 0.750000 0.656250
vt 0.718750 0.671875
vt 0.718750 0.656250
vt 0.718750 0.687500
vt 0.796875 0.734375
vt 0.796875 0.718750
vt 0.812500 0.718750
vt 0.781250 0.734375
vt 0.781250 0.718750
vt 0.781250 0.750000
vt 0.796875 0.671875
vt 0.796875 0.656250
vt 0.812500 0.656250
vt 0.781250 0.671875
vt 0.781250 0.656250
vt 0.781250 0.687500
vt 0.859375 0.671875
vt 0.859375 0.656250
vt 0.875000 0.656250
vt 0.843750 0.671875
vt 0.843750 0.656250
vt 0.843750 0.687500
vt 0.828125 0.671875
vt 0.828125 0.656250
vt 0.812500 0.671875
vt 0.812500 0.687500
vt 0.828125 0.640625
vt 0.828125 0.625000
vt 0.812500 0.640625
vt 0.812500 0.625000
vt 0.859375 0.640625
vt 0.859375 0.625000
vt 0.875000 0.625000
vt 0.843750 0.640625
vt 0.765625 0.671875
vt 0.765625 0.656250
vt 0.750000 0.671875
vt 0.750000 0.687500
vt 0.765625 0.640625
vt 0.765625 0.625000
vt 0.750000 0.640625
vt 0.750000 0.625000
vt 0.796875 0.640625
vt 0.796875 0.625000
vt 0.781250 0.640625
vt 0.765625 0.734375
vt 0.765625 0.718750
vt 0.750000 0.734375
vt 0.750000 0.750000
vt 0.765625 0.703125
vt 0.765625 0.687500
vt 0.750000 0.703125
vt 0.796875 0.703125
vt 0.796875 0.687500
vt 0.781250 0.703125
vt 0.703125 0.671875
vt 0.703125 0.656250
vt 0.687500 0.671875
vt 0.687500 0.687500
vt 0.703125 0.640625
vt 0.703125 0.625000
vt 0.687500 0.640625
vt 0.687500 0.625000
vt 0.734375 0.640625
vt 0.734375 0.625000
vt 0.718750 0.640625
vt 0.640625 0.671875
vt 0.640625 0.656250
vt 0.625000 0.671875
vt 0.625000 0.664062
vt 0.625000 0.656250
vt 0.625000 0.687500
vt 0.625000 0.679688
vt 0.640625 0.640625
vt 0.640625 0.625000
vt 0.625000 0.640625
vt 0.625000 0.648438
vt 0.671875 0.640625
vt 0.671875 0.625000
vt 0.656250 0.640625
vt 0.640625 0.734375
vt 0.640625 0.718750
vt 0.625000 0.734375
vt 0.625000 0.726562
vt 0.625000 0.718750
vt 0.625000 0.742188
vt 0.625000 0.750000
vt 0.640625 0.703125
vt 0.640625 0.687500
vt 0.625000 0.703125
vt 0.625000 0.695312
vt 0.625000 0.710938
vt 0.671875 0.703125
vt 0.671875 0.687500
vt 0.656250 0.703125
vt 0.703125 0.546875
vt 0.703125 0.531250
vt 0.687500 0.546875
vt 0.687500 0.562500
vt 0.703125 0.515625
vt 0.710938 0.500000
vt 0.703125 0.500000
vt 0.718750 0.500000
vt 0.687500 0.515625
vt 0.695312 0.500000
vt 0.687500 0.500000
vt 0.734375 0.515625
vt 0.742188 0.500000
vt 0.734375 0.500000
vt 0.750000 0.500000
vt 0.718750 0.515625
vt 0.726562 0.500000
vt 0.640625 0.546875
vt 0.640625 0.531250
vt 0.625000 0.546875
vt 0.625000 0.539062
vt 0.625000 0.531250
vt 0.625000 0.562500
vt 0.625000 0.554688
vt 0.640625 0.515625
vt 0.648438 0.500000
vt 0.640625 0.500000
vt 0.656250 0.500000
vt 0.625000 0.515625
vt 0.625000 0.507812
vt 0.632812 0.500000
vt 0.625000 0.500000
vt 0.625000 0.523438
vt 0.671875 0.515625
vt 0.679688 0.500000
vt 0.671875 0.500000
vt 0.656250 0.515625
vt 0.664062 0.500000
vt 0.640625 0.609375
vt 0.640625 0.593750
vt 0.625000 0.609375
vt 0.625000 0.601562
vt 0.625000 0.593750
vt 0.625000 0.617188
vt 0.640625 0.578125
vt 0.640625 0.562500
vt 0.625000 0.578125
vt 0.625000 0.570312
vt 0.625000 0.585938
vt 0.671875 0.578125
vt 0.671875 0.562500
vt 0.656250 0.578125
vt 0.828125 0.546875
vt 0.828125 0.531250
vt 0.812500 0.546875
vt 0.812500 0.562500
vt 0.828125 0.515625
vt 0.835938 0.500000
vt 0.828125 0.500000
vt 0.843750 0.500000
vt 0.812500 0.515625
vt 0.820312 0.500000
vt 0.812500 0.500000
vt 0.859375 0.515625
vt 0.867188 0.500000
vt 0.859375 0.500000
vt 0.843750 0.515625
vt 0.851562 0.500000
vt 0.765625 0.546875
vt 0.765625 0.531250
vt 0.750000 0.546875
vt 0.750000 0.562500
vt 0.765625 0.515625
vt 0.773438 0.500000
vt 0.765625 0.500000
vt 0.781250 0.500000
vt 0.750000 0.515625
vt 0.757812 0.500000
vt 0.796875 0.515625
vt 0.804688 0.500000
vt 0.796875 0.500000
vt 0.781250 0.515625
vt 0.789062 0.500000
vt 0.765625 0.609375
vt 0.765625 0.593750
vt 0.750000 0.609375
vt 0.765625 0.578125
vt 0.765625 0.562500
vt 0.750000 0.578125
vt 0.796875 0.578125
vt 0.796875 0.562500
vt 0.781250 0.578125
vt 0.828125 0.609375
vt 0.828125 0.593750
vt 0.812500 0.609375
vt 0.828125 0.578125
vt 0.828125 0.562500
vt 0.812500 0.578125
vt 0.859375 0.578125
vt 0.859375 0.562500
vt 0.875000 0.562500
vt 0.843750 0.578125
vt 0.703125 0.609375
vt 0.703125 0.593750
vt 0.687500 0.609375
vt 0.703125 0.578125
vt 0.703125 0.562500
vt 0.687500 0.578125
vt 0.734375 0.578125
vt 0.734375 0.562500
vt 0.718750 0.578125
vt 0.703125 0.734375
vt 0.703125 0.718750
vt 0.687500 0.734375
vt 0.687500 0.750000
vt 0.703125 0.703125
vt 0.703125 0.687500
vt 0.687500 0.703125
vt 0.734375 0.703125
vt 0.734375 0.687500
vt 0.718750 0.703125
vt 0.828125 0.734375
vt 0.828125 0.718750
vt 0.812500 0.734375
vt 0.812500 0.750000
vt 0.828125 0.703125
vt 0.828125 0.687500
vt 0.812500 0.703125
vt 0.859375 0.703125
vt 0.859375 0.687500
vt 0.875000 0.687500
vt 0.843750 0.703125
vt 0.875000 0.703125
vt 0.828125 0.750000
vt 0.703125 0.750000
vt 0.875000 0.578125
vt 0.875000 0.515625
vt 0.640625 0.750000
vt 0.765625 0.750000
vt 0.875000 0.640625
vt 0.875000 0.671875
vt 0.796875 0.750000
vt 0.671875 0.750000
vt 0.875000 0.546875
vt 0.875000 0.609375
vt 0.734375 0.750000
vt 0.859375 0.750000
vt 0.875000 0.734375
vt 0.375000 0.000000
vt 0.625000 0.000000
vt 0.625000 0.007812
vt 0.625000 0.242188
vt 0.625000 0.250000
vt 0.625000 0.234375
vt 0.625000 0.015625
vt 0.625000 0.023438
vt 0.625000 0.226562
vt 0.625000 0.218750
vt 0.625000 0.031250
vt 0.625000 0.039062
vt 0.625000 0.210938
vt 0.625000 0.203125
vt 0.625000 0.046875
vt 0.625000 0.054688
vt 0.625000 0.195312
vt 0.625000 0.187500
vt 0.625000 0.062500
vt 0.625000 0.070312
vt 0.625000 0.179688
vt 0.625000 0.171875
vt 0.625000 0.078125
vt 0.625000 0.085938
vt 0.625000 0.164062
vt 0.625000 0.156250
vt 0.625000 0.093750
vt 0.625000 0.101562
vt 0.625000 0.148438
vt 0.625000 0.140625
vt 0.625000 0.109375
vt 0.625000 0.117188
vt 0.625000 0.257812
vt 0.625000 0.492188
vt 0.625000 0.484375
vt 0.625000 0.265625
vt 0.625000 0.273438
vt 0.625000 0.476562
vt 0.625000 0.468750
vt 0.625000 0.281250
vt 0.625000 0.289062
vt 0.625000 0.460938
vt 0.625000 0.453125
vt 0.625000 0.296875
vt 0.625000 0.304688
vt 0.625000 0.445312
vt 0.625000 0.437500
vt 0.625000 0.312500
vt 0.625000 0.320312
vt 0.625000 0.429688
vt 0.625000 0.421875
vt 0.625000 0.328125
vt 0.625000 0.335938
vt 0.625000 0.414062
vt 0.625000 0.406250
vt 0.625000 0.343750
vt 0.625000 0.351562
vt 0.625000 0.398438
vt 0.625000 0.390625
vt 0.625000 0.359375
vt 0.625000 0.367188
vt 0.625000 0.757812
vt 0.625000 0.992188
vt 0.625000 1.000000
vt 0.625000 0.984375
vt 0.625000 0.765625
vt 0.625000 0.773438
vt 0.625000 0.976562
vt 0.625000 0.968750
vt 0.625000 0.781250
vt 0.625000 0.789062
vt 0.625000 0.960938
vt 0.625000 0.953125
vt 0.625000 0.796875
vt 0.625000 0.804688
vt 0.625000 0.945312
vt 0.625000 0.937500
vt 0.625000 0.812500
vt 0.625000 0.820312
vt 0.625000 0.929688
vt 0.625000 0.921875
vt 0.625000 0.828125
vt 0.625000 0.835938
vt 0.625000 0.914062
vt 0.625000 0.906250
vt 0.625000 0.843750
vt 0.625000 0.851562
vt 0.625000 0.898438
vt 0.625000 0.890625
vt 0.625000 0.859375
vt 0.625000 0.867188
vt 0.875000 0.750000
vt 0.875000 0.500000
s 0
f 9/1/1 490/2/1 3/3/1
f 10/4/2 491/5/2 7/6/2
f 11/7/3 492/8/3 5/9/3
f 12/10/4 493/11/4 1/12/4
f 7/6/5 1/13/5 3/14/5
f 494/15/6 297/16/6 1093/17/6
f 302/18/7 301/19/7 1092/20/7
f 303/21/8 500/22/8 1091/23/8
f 490/24/9 501/25/9 1090/26/9
f 318/27/8 489/28/8 1089/29/8
f 319/30/8 504/31/8 1088/32/8
f 478/33/9 505/34/9 1087/35/9
f 322/36/8 488/37/8 1086/38/8
f 323/39/8 508/40/8 1085/41/8
f 315/42/8 509/43/8 1084/44/8
f 326/45/7 313/46/7 1083/47/7
f 327/48/8 512/49/8 1082/50/8
f 314/51/8 513/52/8 1081/53/8
f 330/54/7 309/55/7 1080/56/7
f 331/57/8 516/58/8 1079/59/8
f 482/60/9 517/61/9 1078/62/9
f 374/63/8 477/64/8 1077/65/8
f 375/66/8 520/67/8 1076/68/8
f 442/69/9 521/70/9 1075/71/9
f 378/72/8 476/73/8 1074/74/8
f 379/75/8 524/76/8 1073/77/8
f 371/78/8 525/79/8 1072/80/8
f 382/81/7 349/82/7 1071/83/7
f 383/84/8 528/85/8 1070/86/8
f 370/87/8 529/88/8 1069/89/8
f 386/90/8 473/91/8 1068/92/8
f 387/93/8 532/94/8 1067/95/8
f 354/96/8 533/97/8 1066/98/8
f 390/99/8 472/100/8 1065/101/8
f 391/102/8 536/103/8 1064/104/8
f 367/105/8 537/106/8 1063/107/8
f 394/108/7 353/109/7 1062/110/7
f 395/111/8 540/112/8 1061/113/8
f 366/114/8 541/115/8 1060/116/8
f 398/117/8 469/118/8 1059/119/8
f 399/120/8 544/121/8 1058/122/8
f 355/123/8 545/124/8 1057/125/8
f 402/126/8 468/127/8 1056/128/8
f 403/129/8 548/130/8 1055/131/8
f 363/132/8 549/133/8 1054/134/8
f 406/135/8 448/136/8 1053/137/8
f 407/138/8 552/139/8 1052/140/8
f 362/141/8 553/142/8 1051/143/8
f 410/144/8 465/145/8 1050/146/8
f 411/147/8 556/148/8 1049/149/8
f 438/150/9 557/151/9 1048/152/9
f 414/153/8 464/154/8 1047/155/8
f 415/156/8 560/157/8 1046/158/8
f 359/159/8 561/160/8 1045/161/8
f 418/162/8 449/163/8 1044/164/8
f 419/165/8 564/166/8 1043/167/8
f 358/168/8 565/169/8 1042/170/8
f 422/171/8 461/172/8 1041/173/8
f 423/174/8 568/175/8 1040/176/8
f 450/177/9 569/178/9 1039/179/9
f 426/180/8 460/181/8 1038/182/8
f 427/183/8 572/184/8 1037/185/8
f 343/186/8 573/187/8 1036/188/8
f 430/189/7 341/190/7 1035/191/7
f 431/192/8 576/193/8 1034/194/8
f 342/195/8 577/196/8 1033/197/8
f 434/198/7 337/199/7 1032/200/7
f 435/201/8 580/202/8 1031/203/8
f 454/204/9 581/205/9 1030/206/9
f 582/207/10 437/208/10 1029/209/10
f 583/210/10 584/211/10 1028/212/10
f 310/213/9 585/214/9 1027/215/9
f 586/216/8 436/217/8 1026/218/8
f 587/219/8 588/220/8 1025/221/8
f 579/222/8 589/223/8 1024/224/8
f 590/225/7 481/226/7 1023/227/7
f 591/228/11 592/229/11 1022/230/11
f 578/231/11 593/232/11 1021/233/11
f 594/234/8 433/235/8 1020/236/8
f 595/237/8 596/238/8 1019/239/8
f 486/240/8 597/241/8 1018/242/8
f 598/243/8 432/244/8 1017/245/8
f 599/246/8 600/247/8 1016/248/8
f 575/249/8 601/250/8 1015/251/8
f 602/252/7 485/253/7 1014/254/7
f 603/255/11 604/256/11 1013/257/11
f 574/258/11 605/259/11 1012/260/11
f 606/261/8 429/262/8 1011/263/8
f 607/264/8 608/265/8 1010/266/8
f 487/267/8 609/268/8 1009/269/8
f 610/270/8 428/271/8 1008/272/8
f 611/273/8 612/274/8 1007/275/8
f 571/276/8 613/277/8 1006/278/8
f 614/279/8 316/280/8 1005/281/8
f 615/282/8 616/283/8 1004/284/8
f 570/285/8 617/286/8 1003/287/8
f 618/288/10 425/289/10 1002/290/10
f 619/291/10 620/292/10 1001/293/10
f 306/294/9 621/295/9 1000/296/9
f 622/297/8 424/298/8 999/299/8
f 623/300/8 624/301/8 998/302/8
f 567/303/8 625/304/8 997/305/8
f 626/306/8 317/307/8 996/308/8
f 627/309/8 628/310/8 995/311/8
f 566/312/8 629/313/8 994/314/8
f 630/315/8 421/316/8 993/317/8
f 631/318/8 632/319/8 992/320/8
f 502/321/8 633/322/8 991/323/8
f 634/324/8 420/325/8 990/326/8
f 635/327/8 636/328/8 989/329/8
f 563/330/8 637/331/8 988/332/8
f 638/333/8 305/334/8 987/335/8
f 639/336/8 640/337/8 986/338/8
f 562/339/8 641/340/8 985/341/8
f 642/342/8 417/343/8 984/344/8
f 643/345/12 644/346/12 983/347/12
f 503/348/12 645/349/12 982/350/12
f 646/351/8 416/352/8 981/353/8
f 647/354/12 648/355/12 980/356/12
f 559/357/12 649/358/12 979/359/12
f 650/360/8 320/361/8 978/362/8
f 651/363/8 652/364/8 977/365/8
f 558/366/8 653/367/8 976/368/8
f 654/369/10 413/370/10 975/371/10
f 655/372/12 656/373/12 974/374/12
f 294/375/9 657/376/9 973/377/9
f 658/378/8 412/379/8 972/380/8
f 659/381/12 660/382/12 971/383/12
f 555/384/12 661/385/12 970/386/12
f 662/387/8 321/388/8 969/389/8
f 663/390/8 664/391/8 968/392/8
f 554/393/8 665/394/8 967/395/8
f 666/396/8 409/397/8 966/398/8
f 667/399/8 668/400/8 965/401/8
f 506/402/8 669/403/8 964/404/8
f 670/405/13 408/406/13 963/407/13
f 671/408/13 672/409/13 962/410/13
f 551/411/8 673/412/8 961/413/8
f 674/414/13 304/415/13 960/416/13
f 675/417/13 676/418/13 959/419/13
f 550/420/8 677/421/8 958/422/8
f 678/423/8 405/424/8 957/425/8
f 679/426/12 680/427/12 956/428/12
f 507/429/12 681/430/12 955/431/12
f 682/432/13 404/433/13 954/434/13
f 683/435/8 684/436/8 953/437/8
f 547/438/12 685/439/12 952/440/12
f 686/441/13 324/442/13 951/443/13
f 687/444/13 688/445/13 950/446/13
f 546/447/8 689/448/8 949/449/8
f 690/450/8 401/451/8 948/452/8
f 691/453/12 692/454/12 947/455/12
f 499/456/12 693/457/12 946/458/12
f 694/459/8 400/460/8 945/461/8
f 695/462/12 696/463/12 944/464/12
f 543/465/12 697/466/12 943/467/12
f 698/468/8 325/469/8 942/470/8
f 699/471/8 700/472/8 941/473/8
f 542/474/8 701/475/8 940/476/8
f 702/477/8 397/478/8 939/479/8
f 703/480/8 704/481/8 938/482/8
f 510/483/8 705/484/8 937/485/8
f 706/486/13 396/487/13 936/488/13
f 707/489/13 708/490/13 935/491/13
f 539/492/8 709/493/8 934/494/8
f 710/495/7 497/496/7 933/497/7
f 711/498/13 712/499/13 932/500/13
f 538/501/11 713/502/11 931/503/11
f 714/504/8 393/505/8 930/506/8
f 715/507/8 716/508/8 929/509/8
f 511/510/8 717/511/8 928/512/8
f 718/513/13 392/514/13 927/515/13
f 719/516/13 720/517/13 926/518/13
f 535/519/8 721/520/8 925/521/8
f 722/522/13 328/523/13 924/524/13
f 723/525/13 724/526/13 923/527/13
f 534/528/8 725/529/8 922/530/8
f 726/531/8 389/532/8 921/533/8
f 727/534/8 728/535/8 920/536/8
f 498/537/8 729/538/8 919/539/8
f 730/540/8 388/541/8 918/542/8
f 731/543/8 732/544/8 917/545/8
f 531/546/8 733/547/8 916/548/8
f 734/549/8 329/550/8 915/551/8
f 735/552/8 736/553/8 914/554/8
f 530/555/8 737/556/8 913/557/8
f 738/558/8 385/559/8 912/560/8
f 739/561/8 740/562/8 911/563/8
f 514/564/8 741/565/8 910/566/8
f 742/567/8 384/568/8 909/569/8
f 743/570/8 744/571/8 908/572/8
f 527/573/8 745/574/8 907/575/8
f 746/576/7 493/577/7 906/578/7
f 747/579/11 748/580/11 905/581/11
f 526/582/11 749/583/11 904/584/11
f 750/585/8 381/586/8 903/587/8
f 751/588/8 752/589/8 902/590/8
f 515/591/8 753/592/8 901/593/8
f 754/594/8 380/595/8 900/596/8
f 755/597/8 756/598/8 899/599/8
f 523/600/8 757/601/8 898/602/8
f 758/603/8 332/604/8 897/605/8
f 759/606/8 760/607/8 896/608/8
f 522/609/8 761/610/8 895/611/8
f 762/612/10 377/613/10 894/614/10
f 763/615/10 764/616/10 893/617/10
f 298/618/9 765/619/9 892/620/9
f 766/621/8 376/622/8 891/623/8
f 767/624/8 768/625/8 890/626/8
f 519/627/8 769/628/8 889/629/8
f 770/630/8 333/631/8 888/632/8
f 771/633/8 772/634/8 887/635/8
f 518/636/8 773/637/8 886/638/8
f 774/639/10 373/640/10 885/641/10
f 775/642/10 776/643/10 884/644/10
f 338/645/9 777/646/9 883/647/9
f 778/648/8 372/649/8 882/650/8
f 779/651/8 780/652/8 881/653/8
f 475/654/8 781/655/8 880/656/8
f 782/657/7 453/658/7 879/659/7
f 783/660/11 784/661/11 878/662/11
f 474/663/11 785/664/11 877/665/11
f 786/666/8 369/667/8 876/668/8
f 787/669/8 788/670/8 875/671/8
f 458/672/8 789/673/8 874/674/8
f 790/675/8 368/676/8 873/677/8
f 791/678/8 792/679/8 872/680/8
f 471/681/8 793/682/8 871/683/8
f 794/684/7 457/685/7 870/686/7
f 795/687/11 796/688/11 869/689/11
f 470/690/11 797/691/11 868/692/11
f 798/693/8 365/694/8 867/695/8
f 799/696/8 800/697/8 866/698/8
f 459/699/8 801/700/8 865/701/8
f 802/702/8 364/703/8 864/704/8
f 803/705/8 804/706/8 863/707/8
f 467/708/8 805/709/8 862/710/8
f 806/711/8 344/712/8 861/713/8
f 807/714/8 808/715/8 860/716/8
f 466/717/8 809/718/8 859/719/8
f 810/720/10 361/721/10 858/722/10
f 811/723/10 812/724/10 857/725/10
f 334/726/9 813/727/9 856/728/9
f 814/729/8 360/730/8 855/731/8
f 815/732/8 816/733/8 854/734/8
f 463/735/8 817/736/8 853/737/8
f 818/738/8 345/739/8 852/740/8
f 819/741/8 820/742/8 851/743/8
f 462/744/8 821/745/8 850/746/8
f 822/747/10 357/748/10 849/749/10
f 823/750/10 824/751/10 848/752/10
f 346/753/9 825/754/9 847/755/9
f 826/756/8 356/757/8 846/758/8
f 827/759/8 828/760/8 845/761/8
f 447/762/8 829/763/8 844/764/8
f 830/765/7 445/766/7 843/767/7
f 831/768/11 832/769/11 842/770/11
f 446/771/11 833/772/11 841/773/11
f 834/774/7 441/775/7 840/776/7
f 835/777/14 836/778/14 839/779/14
f 350/780/9 837/781/9 838/782/9
f 838/782/15 293/783/15 835/777/15
f 581/205/15 835/777/15 229/784/15
f 46/785/9 838/782/9 581/205/9
f 839/779/11 226/786/11 578/231/11
f 437/208/8 578/231/8 85/787/8
f 229/784/10 839/779/10 437/208/10
f 840/776/7 33/788/7 434/198/7
f 836/778/16 434/198/16 226/786/16
f 293/783/16 840/776/16 836/778/16
f 841/773/11 292/789/11 831/768/11
f 577/196/8 831/768/8 225/790/8
f 38/791/8 841/773/8 577/196/8
f 842/770/11 222/792/11 574/258/11
f 433/235/8 574/258/8 84/793/8
f 225/790/8 842/770/8 433/235/8
f 843/767/7 37/794/7 430/189/7
f 832/769/16 430/189/16 222/792/16
f 292/789/16 843/767/16 832/769/16
f 844/764/8 291/795/8 827/759/8
f 573/187/8 827/759/8 221/796/8
f 39/797/8 844/764/8 573/187/8
f 845/761/8 218/798/8 570/285/8
f 429/262/8 570/285/8 83/799/8
f 221/796/8 845/761/8 429/262/8
f 846/758/8 52/800/8 426/180/8
f 828/760/8 426/180/8 218/798/8
f 291/795/8 846/758/8 828/760/8
f 847/755/15 290/801/15 823/750/15
f 569/178/15 823/750/15 217/802/15
f 42/803/9 847/755/9 569/178/9
f 848/752/8 214/804/8 566/312/8
f 425/289/8 566/312/8 82/805/8
f 217/802/10 848/752/10 425/289/10
f 849/749/8 53/806/8 422/171/8
f 824/751/8 422/171/8 214/804/8
f 290/801/10 849/749/10 824/751/10
f 850/746/8 289/807/8 819/741/8
f 565/169/8 819/741/8 213/808/8
f 54/809/8 850/746/8 565/169/8
f 851/743/8 210/810/8 562/339/8
f 421/316/8 562/339/8 81/811/8
f 213/808/8 851/743/8 421/316/8
f 852/740/8 41/812/8 418/162/8
f 820/742/8 418/162/8 210/810/8
f 289/807/8 852/740/8 820/742/8
f 853/737/8 288/813/8 815/732/8
f 561/160/8 815/732/8 209/814/8
f 55/815/8 853/737/8 561/160/8
f 854/734/8 206/816/8 558/366/8
f 417/343/8 558/366/8 80/817/8
f 209/814/8 854/734/8 417/343/8
f 855/731/8 56/818/8 414/153/8
f 816/733/8 414/153/8 206/816/8
f 288/813/8 855/731/8 816/733/8
f 856/728/15 287/819/15 811/723/15
f 557/151/15 811/723/15 205/820/15
f 30/821/9 856/728/9 557/151/9
f 857/725/8 202/822/8 554/393/8
f 413/370/8 554/393/8 79/823/8
f 205/820/10 857/725/10 413/370/10
f 858/722/8 57/824/8 410/144/8
f 812/724/8 410/144/8 202/822/8
f 287/819/10 858/722/10 812/724/10
f 859/719/8 286/825/8 807/714/8
f 553/142/8 807/714/8 201/826/8
f 58/827/8 859/719/8 553/142/8
f 860/716/8 198/828/8 550/420/8
f 409/397/8 550/420/8 78/829/8
f 201/826/8 860/716/8 409/397/8
f 861/713/8 40/830/8 406/135/8
f 808/715/8 406/135/8 198/828/8
f 286/825/8 861/713/8 808/715/8
f 862/710/8 285/831/8 803/705/8
f 549/133/8 803/705/8 197/832/8
f 59/833/8 862/710/8 549/133/8
f 863/707/8 194/834/8 546/447/8
f 405/424/8 546/447/8 77/835/8
f 197/832/8 863/707/8 405/424/8
f 864/704/8 60/836/8 402/126/8
f 804/706/8 402/126/8 194/834/8
f 285/831/8 864/704/8 804/706/8
f 865/701/8 284/837/8 799/696/8
f 545/124/8 799/696/8 193/838/8
f 51/839/8 865/701/8 545/124/8
f 866/698/8 190/840/8 542/474/8
f 401/451/8 542/474/8 76/841/8
f 193/838/8 866/698/8 401/451/8
f 867/695/8 61/842/8 398/117/8
f 800/697/8 398/117/8 190/840/8
f 284/837/8 867/695/8 800/697/8
f 868/692/11 283/843/11 795/687/11
f 541/115/8 795/687/8 189/844/8
f 62/845/8 868/692/8 541/115/8
f 869/689/11 186/846/11 538/501/11
f 397/478/8 538/501/8 75/847/8
f 189/844/8 869/689/8 397/478/8
f 870/686/7 49/848/7 394/108/7
f 796/688/16 394/108/16 186/846/16
f 283/843/16 870/686/16 796/688/16
f 871/683/8 282/849/8 791/678/8
f 537/106/8 791/678/8 185/850/8
f 63/851/8 871/683/8 537/106/8
f 872/680/8 182/852/8 534/528/8
f 393/505/8 534/528/8 74/853/8
f 185/850/8 872/680/8 393/505/8
f 873/677/8 64/854/8 390/99/8
f 792/679/8 390/99/8 182/852/8
f 282/849/8 873/677/8 792/679/8
f 874/674/8 281/855/8 787/669/8
f 533/97/8 787/669/8 181/856/8
f 50/857/8 874/674/8 533/97/8
f 875/671/8 178/858/8 530/555/8
f 389/532/8 530/555/8 73/859/8
f 181/856/8 875/671/8 389/532/8
f 876/668/8 65/860/8 386/90/8
f 788/670/8 386/90/8 178/858/8
f 281/855/8 876/668/8 788/670/8
f 877/665/11 280/861/11 783/660/11
f 529/88/8 783/660/8 177/862/8
f 66/863/8 877/665/8 529/88/8
f 878/662/11 174/864/11 526/582/11
f 385/559/8 526/582/8 72/865/8
f 177/862/8 878/662/8 385/559/8
f 879/659/7 45/866/7 382/81/7
f 784/661/16 382/81/16 174/864/16
f 280/861/16 879/659/16 784/661/16
f 880/656/8 279/867/8 779/651/8
f 525/79/8 779/651/8 173/868/8
f 67/869/8 880/656/8 525/79/8
f 881/653/8 170/870/8 522/609/8
f 381/586/8 522/609/8 71/871/8
f 173/868/8 881/653/8 381/586/8
f 882/650/8 68/872/8 378/72/8
f 780/652/8 378/72/8 170/870/8
f 279/867/8 882/650/8 780/652/8
f 883/647/15 278/873/15 775/642/15
f 521/70/15 775/642/15 169/874/15
f 34/875/9 883/647/9 521/70/9
f 884/644/8 166/876/8 518/636/8
f 377/613/8 518/636/8 70/877/8
f 169/874/10 884/644/10 377/613/10
f 885/641/8 69/878/8 374/63/8
f 776/643/8 374/63/8 166/876/8
f 278/873/10 885/641/10 776/643/10
f 886/638/8 277/879/8 771/633/8
f 520/67/8 771/633/8 168/880/8
f 70/877/8 886/638/8 520/67/8
f 887/635/8 123/881/8 475/654/8
f 376/622/8 475/654/8 67/869/8
f 168/880/8 887/635/8 376/622/8
f 888/632/8 29/882/8 331/57/8
f 772/634/8 331/57/8 123/881/8
f 277/879/8 888/632/8 772/634/8
f 889/629/8 276/883/8 767/624/8
f 461/172/8 767/624/8 109/884/8
f 53/806/8 889/629/8 461/172/8
f 890/626/8 163/885/8 515/591/8
f 317/307/8 515/591/8 25/886/8
f 109/884/8 890/626/8 317/307/8
f 891/623/8 67/869/8 371/78/8
f 768/625/8 371/78/8 163/885/8
f 276/883/8 891/623/8 768/625/8
f 892/620/15 275/887/15 763/615/15
f 501/25/15 763/615/15 149/888/15
f 9/889/9 892/620/9 501/25/9
f 893/617/8 167/890/8 519/627/8
f 357/748/8 519/627/8 53/806/8
f 149/888/10 893/617/10 357/748/10
f 894/614/8 70/877/8 375/66/8
f 764/616/8 375/66/8 167/890/8
f 275/887/10 894/614/10 764/616/10
f 895/611/8 274/891/8 759/606/8
f 524/76/8 759/606/8 172/892/8
f 71/871/8 895/611/8 524/76/8
f 896/608/8 106/893/8 458/672/8
f 380/595/8 458/672/8 50/857/8
f 172/892/8 896/608/8 380/595/8
f 897/605/8 22/894/8 314/51/8
f 760/607/8 314/51/8 106/893/8
f 274/891/8 897/605/8 760/607/8
f 898/602/8 273/895/8 755/597/8
f 449/163/8 755/597/8 97/896/8
f 41/812/8 898/602/8 449/163/8
f 899/599/8 146/897/8 498/537/8
f 305/334/8 498/537/8 13/898/8
f 97/896/8 899/599/8 305/334/8
f 900/596/8 50/857/8 354/96/8
f 756/598/8 354/96/8 146/897/8
f 273/895/8 900/596/8 756/598/8
f 901/593/8 272/899/8 751/588/8
f 489/28/8 751/588/8 137/900/8
f 25/886/8 901/593/8 489/28/8
f 902/590/8 171/901/8 523/600/8
f 345/739/8 523/600/8 41/812/8
f 137/900/8 902/590/8 345/739/8
f 903/587/8 71/871/8 379/75/8
f 752/589/8 379/75/8 171/901/8
f 272/899/8 903/587/8 752/589/8
f 904/584/11 271/902/11 747/579/11
f 528/85/8 747/579/8 176/903/8
f 72/865/8 904/584/8 528/85/8
f 905/581/11 94/904/11 446/771/11
f 384/568/8 446/771/8 38/791/8
f 176/903/8 905/581/8 384/568/8
f 906/578/7 12/905/7 302/18/7
f 748/580/16 302/18/16 94/904/16
f 271/902/16 906/578/16 748/580/16
f 907/575/8 270/906/8 743/570/8
f 476/73/8 743/570/8 124/907/8
f 68/872/8 907/575/8 476/73/8
f 908/572/8 134/908/8 486/240/8
f 332/604/8 486/240/8 22/894/8
f 124/907/8 908/572/8 332/604/8
f 909/569/8 38/791/8 342/195/8
f 744/571/8 342/195/8 134/908/8
f 270/906/8 909/569/8 744/571/8
f 910/566/8 269/909/8 739/561/8
f 516/58/8 739/561/8 164/910/8
f 29/882/8 910/566/8 516/58/8
f 911/563/8 175/911/8 527/573/8
f 372/649/8 527/573/8 68/872/8
f 164/910/8 911/563/8 372/649/8
f 912/560/8 72/865/8 383/84/8
f 740/562/8 383/84/8 175/911/8
f 269/909/8 912/560/8 740/562/8
f 913/557/8 268/912/8 735/552/8
f 532/94/8 735/552/8 180/913/8
f 73/859/8 913/557/8 532/94/8
f 914/554/8 119/914/8 471/681/8
f 388/541/8 471/681/8 63/851/8
f 180/913/8 914/554/8 388/541/8
f 915/551/8 28/915/8 327/48/8
f 736/553/8 327/48/8 119/914/8
f 268/912/8 915/551/8 736/553/8
f 916/548/8 267/916/8 731/543/8
f 460/181/8 731/543/8 108/917/8
f 52/800/8 916/548/8 460/181/8
f 917/545/8 159/918/8 511/510/8
f 316/280/8 511/510/8 24/919/8
f 108/917/8 917/545/8 316/280/8
f 918/542/8 63/851/8 367/105/8
f 732/544/8 367/105/8 159/918/8
f 267/916/8 918/542/8 732/544/8
f 919/539/8 266/920/8 727/534/8
f 500/22/8 727/534/8 148/921/8
f 13/898/8 919/539/8 500/22/8
f 920/536/8 179/922/8 531/546/8
f 356/757/8 531/546/8 52/800/8
f 148/921/8 920/536/8 356/757/8
f 921/533/8 73/859/8 387/93/8
f 728/535/8 387/93/8 179/922/8
f 266/920/8 921/533/8 728/535/8
f 922/530/17 265/923/17 723/525/17
f 536/103/17 723/525/17 184/924/17
f 74/853/8 922/530/8 536/103/8
f 923/527/18 100/925/18 452/926/18
f 392/514/18 452/926/18 44/927/18
f 184/924/13 923/527/13 392/514/13
f 924/524/18 16/928/18 308/929/18
f 724/526/18 308/929/18 100/925/18
f 265/923/13 924/524/13 724/526/13
f 925/521/17 264/930/17 719/516/17
f 448/136/17 719/516/17 96/931/17
f 40/830/8 925/521/8 448/136/8
f 926/518/18 140/932/18 492/8/18
f 304/415/18 492/8/18 11/7/18
f 96/931/13 926/518/13 304/415/13
f 927/515/18 44/927/18 348/933/18
f 720/517/18 348/933/18 140/932/18
f 264/930/13 927/515/13 720/517/13
f 928/512/8 263/934/8 715/507/8
f 488/37/8 715/507/8 136/935/8
f 24/919/8 928/512/8 488/37/8
f 929/509/8 183/936/8 535/519/8
f 344/712/8 535/519/8 40/830/8
f 136/935/8 929/509/8 344/712/8
f 930/506/8 74/853/8 391/102/8
f 716/508/8 391/102/8 183/936/8
f 263/934/8 930/506/8 716/508/8
f 711/498/8 713/502/8 262/937/8
f 540/112/17 711/498/17 188/938/17
f 75/847/8 931/503/8 540/112/8
f 932/500/18 88/939/18 440/940/18
f 396/487/18 440/940/18 32/941/18
f 188/938/13 932/500/13 396/487/13
f 296/942/8 497/496/8 6/943/8
f 712/499/18 296/942/18 88/939/18
f 712/499/8 710/495/8 933/497/8
f 934/494/17 261/944/17 707/489/17
f 472/100/17 707/489/17 120/945/17
f 64/854/8 934/494/8 472/100/8
f 935/491/18 128/946/18 480/947/18
f 328/523/18 480/947/18 16/928/18
f 120/945/13 935/491/13 328/523/13
f 936/488/18 32/941/18 336/948/18
f 708/490/18 336/948/18 128/946/18
f 261/944/13 936/488/13 708/490/13
f 937/485/8 260/949/8 703/480/8
f 512/49/8 703/480/8 160/950/8
f 28/915/8 937/485/8 512/49/8
f 938/482/8 187/951/8 539/492/8
f 368/676/8 539/492/8 64/854/8
f 160/950/8 938/482/8 368/676/8
f 939/479/8 75/847/8 395/111/8
f 704/481/8 395/111/8 187/951/8
f 260/949/8 939/479/8 704/481/8
f 940/476/8 259/952/8 699/471/8
f 544/121/8 699/471/8 192/953/8
f 76/841/8 940/476/8 544/121/8
f 941/473/8 115/954/8 467/708/8
f 400/460/8 467/708/8 59/833/8
f 192/953/8 941/473/8 400/460/8
f 942/470/8 27/955/8 323/39/8
f 700/472/8 323/39/8 115/954/8
f 259/952/8 942/470/8 700/472/8
f 943/467/12 258/956/12 695/462/12
f 451/957/19 695/462/19 99/958/19
f 43/959/19 943/467/19 451/957/19
f 944/464/12 155/960/12 507/429/12
f 307/961/19 507/429/19 15/962/19
f 99/958/19 944/464/19 307/961/19
f 945/461/8 59/833/8 363/132/8
f 696/463/20 363/132/20 155/960/20
f 258/956/20 945/461/20 696/463/20
f 946/458/12 257/963/12 691/453/12
f 491/964/19 691/453/19 139/965/19
f 10/966/19 946/458/19 491/964/19
f 947/455/12 191/967/12 543/465/12
f 347/968/19 543/465/19 43/959/19
f 139/965/19 947/455/19 347/968/19
f 948/452/8 76/841/8 399/120/8
f 692/454/20 399/120/20 191/967/20
f 257/963/20 948/452/20 692/454/20
f 949/449/17 256/969/17 687/444/17
f 548/130/17 687/444/17 196/970/17
f 77/835/8 949/449/8 548/130/8
f 950/446/18 104/971/18 456/972/18
f 404/433/18 456/972/18 48/973/18
f 196/970/13 950/446/13 404/433/13
f 951/443/18 20/974/18 312/975/18
f 688/445/18 312/975/18 104/971/18
f 256/969/13 951/443/13 688/445/13
f 952/440/12 255/976/12 683/435/12
f 439/977/19 683/435/19 87/978/19
f 31/979/19 952/440/19 439/977/19
f 953/437/18 144/980/18 496/981/18
f 295/982/8 496/981/8 8/983/8
f 87/978/19 953/437/19 295/982/19
f 954/434/18 48/973/18 352/984/18
f 684/436/18 352/984/18 144/980/18
f 255/976/13 954/434/13 684/436/13
f 955/431/12 254/985/12 679/426/12
f 479/986/19 679/426/19 127/987/19
f 15/962/19 955/431/19 479/986/19
f 956/428/12 195/988/12 547/438/12
f 335/989/19 547/438/19 31/979/19
f 127/987/19 956/428/19 335/989/19
f 957/425/8 77/835/8 403/129/8
f 680/427/20 403/129/20 195/988/20
f 254/985/20 957/425/20 680/427/20
f 958/422/17 253/990/17 675/417/17
f 552/139/17 675/417/17 200/991/17
f 78/829/8 958/422/8 552/139/8
f 959/419/18 92/992/18 444/993/18
f 408/406/18 444/993/18 36/994/18
f 200/991/13 959/419/13 408/406/13
f 960/416/18 11/7/18 300/995/18
f 676/418/18 300/995/18 92/992/18
f 253/990/13 960/416/13 676/418/13
f 961/413/17 252/996/17 671/408/17
f 468/127/17 671/408/17 116/997/17
f 60/836/8 961/413/8 468/127/8
f 962/410/18 132/998/18 484/999/18
f 324/442/18 484/999/18 20/974/18
f 116/997/13 962/410/13 324/442/13
f 963/407/18 36/994/18 340/1000/18
f 672/409/18 340/1000/18 132/998/18
f 252/996/13 963/407/13 672/409/13
f 964/404/8 251/1001/8 667/399/8
f 508/40/8 667/399/8 156/1002/8
f 27/955/8 964/404/8 508/40/8
f 965/401/8 199/1003/8 551/411/8
f 364/703/8 551/411/8 60/836/8
f 156/1002/8 965/401/8 364/703/8
f 966/398/8 78/829/8 407/138/8
f 668/400/8 407/138/8 199/1003/8
f 251/1001/8 966/398/8 668/400/8
f 967/395/8 250/1004/8 663/390/8
f 556/148/8 663/390/8 204/1005/8
f 79/823/8 967/395/8 556/148/8
f 968/392/8 111/1006/8 463/735/8
f 412/379/8 463/735/8 55/815/8
f 204/1005/8 968/392/8 412/379/8
f 969/389/8 26/1007/8 319/30/8
f 664/391/8 319/30/8 111/1006/8
f 250/1004/8 969/389/8 664/391/8
f 970/386/12 249/1008/12 659/381/12
f 455/1009/19 659/381/19 103/1010/19
f 47/1011/19 970/386/19 455/1009/19
f 971/383/12 151/1012/12 503/348/12
f 311/1013/19 503/348/19 19/1014/19
f 103/1010/19 971/383/19 311/1013/19
f 972/380/8 55/815/8 359/159/8
f 660/382/20 359/159/20 151/1012/20
f 249/1008/20 972/380/20 660/382/20
f 655/372/21 657/376/21 248/1015/21
f 495/1016/19 655/372/19 143/1017/19
f 495/1016/22 294/375/22 973/377/22
f 974/374/12 203/1018/12 555/384/12
f 351/1019/19 555/384/19 47/1011/19
f 143/1017/19 974/374/19 351/1019/19
f 975/371/8 79/823/8 411/147/8
f 656/373/20 411/147/20 203/1018/20
f 656/373/23 654/369/23 975/371/23
f 976/368/8 247/1020/8 651/363/8
f 560/157/8 651/363/8 208/1021/8
f 80/817/8 976/368/8 560/157/8
f 977/365/8 107/1022/8 459/699/8
f 416/352/8 459/699/8 51/839/8
f 208/1021/8 977/365/8 416/352/8
f 978/362/8 23/1023/8 315/42/8
f 652/364/8 315/42/8 107/1022/8
f 247/1020/8 978/362/8 652/364/8
f 979/359/12 246/1024/12 647/354/12
f 443/1025/19 647/354/19 91/1026/19
f 35/1027/19 979/359/19 443/1025/19
f 980/356/12 147/1028/12 499/456/12
f 299/1029/19 499/456/19 10/966/19
f 91/1026/19 980/356/19 299/1029/19
f 981/353/8 51/839/8 355/123/8
f 648/355/20 355/123/20 147/1028/20
f 246/1024/20 981/353/20 648/355/20
f 982/350/12 245/1030/12 643/345/12
f 483/1031/19 643/345/19 131/1032/19
f 19/1014/19 982/350/19 483/1031/19
f 983/347/12 207/1033/12 559/357/12
f 339/1034/19 559/357/19 35/1027/19
f 131/1032/19 983/347/19 339/1034/19
f 984/344/8 80/817/8 415/156/8
f 644/346/20 415/156/20 207/1033/20
f 245/1030/20 984/344/20 644/346/20
f 985/341/8 244/1035/8 639/336/8
f 564/166/8 639/336/8 212/1036/8
f 81/811/8 985/341/8 564/166/8
f 986/338/8 95/1037/8 447/762/8
f 420/325/8 447/762/8 39/797/8
f 212/1036/8 986/338/8 420/325/8
f 987/335/8 13/898/8 303/21/8
f 640/337/8 303/21/8 95/1037/8
f 244/1035/8 987/335/8 640/337/8
f 988/332/8 243/1038/8 635/327/8
f 464/154/8 635/327/8 112/1039/8
f 56/818/8 988/332/8 464/154/8
f 989/329/8 135/1040/8 487/267/8
f 320/361/8 487/267/8 23/1023/8
f 112/1039/8 989/329/8 320/361/8
f 990/326/8 39/797/8 343/186/8
f 636/328/8 343/186/8 135/1040/8
f 243/1038/8 990/326/8 636/328/8
f 991/323/8 242/1041/8 631/318/8
f 504/31/8 631/318/8 152/1042/8
f 26/1007/8 991/323/8 504/31/8
f 992/320/8 211/1043/8 563/330/8
f 360/730/8 563/330/8 56/818/8
f 152/1042/8 992/320/8 360/730/8
f 993/317/8 81/811/8 419/165/8
f 632/319/8 419/165/8 211/1043/8
f 242/1041/8 993/317/8 632/319/8
f 994/314/8 241/1044/8 627/309/8
f 568/175/8 627/309/8 216/1045/8
f 82/805/8 994/314/8 568/175/8
f 995/311/8 110/1046/8 462/744/8
f 424/298/8 462/744/8 54/809/8
f 216/1045/8 995/311/8 424/298/8
f 996/308/8 25/886/8 318/27/8
f 628/310/8 318/27/8 110/1046/8
f 241/1044/8 996/308/8 628/310/8
f 997/305/8 240/1047/8 623/300/8
f 465/145/8 623/300/8 113/1048/8
f 57/824/8 997/305/8 465/145/8
f 998/302/8 150/1049/8 502/321/8
f 321/388/8 502/321/8 26/1007/8
f 113/1048/8 998/302/8 321/388/8
f 999/299/8 54/809/8 358/168/8
f 624/301/8 358/168/8 150/1049/8
f 240/1047/8 999/299/8 624/301/8
f 1000/296/15 239/1050/15 619/291/15
f 505/34/15 619/291/15 153/1051/15
f 14/1052/9 1000/296/9 505/34/9
f 1001/293/8 215/1053/8 567/303/8
f 361/721/8 567/303/8 57/824/8
f 153/1051/10 1001/293/10 361/721/10
f 1002/290/8 82/805/8 423/174/8
f 620/292/8 423/174/8 215/1053/8
f 239/1050/10 1002/290/10 620/292/10
f 1003/287/8 238/1054/8 615/282/8
f 572/184/8 615/282/8 220/1055/8
f 83/799/8 1003/287/8 572/184/8
f 1004/284/8 114/1056/8 466/717/8
f 428/271/8 466/717/8 58/827/8
f 220/1055/8 1004/284/8 428/271/8
f 1005/281/8 24/919/8 322/36/8
f 616/283/8 322/36/8 114/1056/8
f 238/1054/8 1005/281/8 616/283/8
f 1006/278/8 237/1057/8 611/273/8
f 469/118/8 611/273/8 117/1058/8
f 61/842/8 1006/278/8 469/118/8
f 1007/275/8 154/1059/8 506/402/8
f 325/469/8 506/402/8 27/955/8
f 117/1058/8 1007/275/8 325/469/8
f 1008/272/8 58/827/8 362/141/8
f 612/274/8 362/141/8 154/1059/8
f 237/1057/8 1008/272/8 612/274/8
f 1009/269/8 236/1060/8 607/264/8
f 509/43/8 607/264/8 157/1061/8
f 23/1023/8 1009/269/8 509/43/8
f 1010/266/8 219/1062/8 571/276/8
f 365/694/8 571/276/8 61/842/8
f 157/1061/8 1010/266/8 365/694/8
f 1011/263/8 83/799/8 427/183/8
f 608/265/8 427/183/8 219/1062/8
f 236/1060/8 1011/263/8 608/265/8
f 1012/260/11 235/1063/11 603/255/11
f 576/193/8 603/255/8 224/1064/8
f 84/793/8 1012/260/8 576/193/8
f 1013/257/11 118/1065/11 470/690/11
f 432/244/8 470/690/8 62/845/8
f 224/1064/8 1013/257/8 432/244/8
f 1014/254/7 21/1066/7 326/45/7
f 604/256/16 326/45/16 118/1065/16
f 235/1063/16 1014/254/16 604/256/16
f 1015/251/8 234/1067/8 599/246/8
f 473/91/8 599/246/8 121/1068/8
f 65/860/8 1015/251/8 473/91/8
f 1016/248/8 158/1069/8 510/483/8
f 329/550/8 510/483/8 28/915/8
f 121/1068/8 1016/248/8 329/550/8
f 1017/245/8 62/845/8 366/114/8
f 600/247/8 366/114/8 158/1069/8
f 234/1067/8 1017/245/8 600/247/8
f 1018/242/8 233/1070/8 595/237/8
f 513/52/8 595/237/8 161/1071/8
f 22/894/8 1018/242/8 513/52/8
f 1019/239/8 223/1072/8 575/249/8
f 369/667/8 575/249/8 65/860/8
f 161/1071/8 1019/239/8 369/667/8
f 1020/236/8 84/793/8 431/192/8
f 596/238/8 431/192/8 223/1072/8
f 233/1070/8 1020/236/8 596/238/8
f 1021/233/11 232/1073/11 591/228/11
f 580/202/8 591/228/8 228/1074/8
f 85/787/8 1021/233/8 580/202/8
f 1022/230/11 122/1075/11 474/663/11
f 436/217/8 474/663/8 66/863/8
f 228/1074/8 1022/230/8 436/217/8
f 1023/227/7 17/1076/7 330/54/7
f 592/229/16 330/54/16 122/1075/16
f 232/1073/16 1023/227/16 592/229/16
f 1024/224/8 231/1077/8 587/219/8
f 477/64/8 587/219/8 125/1078/8
f 69/878/8 1024/224/8 477/64/8
f 1025/221/8 162/1079/8 514/564/8
f 333/631/8 514/564/8 29/882/8
f 125/1078/8 1025/221/8 333/631/8
f 1026/218/8 66/863/8 370/87/8
f 588/220/8 370/87/8 162/1079/8
f 231/1077/8 1026/218/8 588/220/8
f 1027/215/15 230/1080/15 583/210/15
f 517/61/15 583/210/15 165/1081/15
f 18/1082/9 1027/215/9 517/61/9
f 1028/212/8 227/1083/8 579/222/8
f 373/640/8 579/222/8 69/878/8
f 165/1081/10 1028/212/10 373/640/10
f 1029/209/8 85/787/8 435/201/8
f 584/211/8 435/201/8 227/1083/8
f 230/1080/10 1029/209/10 584/211/10
f 1030/206/15 229/784/15 582/207/15
f 585/214/15 582/207/15 230/1080/15
f 102/1084/9 1030/206/9 585/214/9
f 1031/203/8 228/1074/8 586/216/8
f 589/223/8 586/216/8 231/1077/8
f 227/1083/8 1031/203/8 589/223/8
f 1032/200/7 129/1085/7 590/225/7
f 593/232/16 590/225/16 232/1073/16
f 226/786/16 1032/200/16 593/232/16
f 1033/197/8 225/790/8 594/234/8
f 597/241/8 594/234/8 233/1070/8
f 134/908/8 1033/197/8 597/241/8
f 1034/194/8 224/1064/8 598/243/8
f 601/250/8 598/243/8 234/1067/8
f 223/1072/8 1034/194/8 601/250/8
f 1035/191/7 133/1086/7 602/252/7
f 605/259/16 602/252/16 235/1063/16
f 222/792/16 1035/191/16 605/259/16
f 1036/188/8 221/796/8 606/261/8
f 609/268/8 606/261/8 236/1060/8
f 135/1040/8 1036/188/8 609/268/8
f 1037/185/8 220/1055/8 610/270/8
f 613/277/8 610/270/8 237/1057/8
f 219/1062/8 1037/185/8 613/277/8
f 1038/182/8 108/917/8 614/279/8
f 617/286/8 614/279/8 238/1054/8
f 218/798/8 1038/182/8 617/286/8
f 1039/179/15 217/802/15 618/288/15
f 621/295/15 618/288/15 239/1050/15
f 98/1087/9 1039/179/9 621/295/9
f 1040/176/8 216/1045/8 622/297/8
f 625/304/8 622/297/8 240/1047/8
f 215/1053/8 1040/176/8 625/304/8
f 1041/173/8 109/884/8 626/306/8
f 629/313/8 626/306/8 241/1044/8
f 214/804/8 1041/173/8 629/313/8
f 1042/170/8 213/808/8 630/315/8
f 633/322/8 630/315/8 242/1041/8
f 150/1049/8 1042/170/8 633/322/8
f 1043/167/8 212/1036/8 634/324/8
f 637/331/8 634/324/8 243/1038/8
f 211/1043/8 1043/167/8 637/331/8
f 1044/164/8 97/896/8 638/333/8
f 641/340/8 638/333/8 244/1035/8
f 210/810/8 1044/164/8 641/340/8
f 1045/161/8 209/814/8 642/342/8
f 645/349/20 642/342/20 245/1030/20
f 151/1012/20 1045/161/20 645/349/20
f 1046/158/8 208/1021/8 646/351/8
f 649/358/20 646/351/20 246/1024/20
f 207/1033/20 1046/158/20 649/358/20
f 1047/155/8 112/1039/8 650/360/8
f 653/367/8 650/360/8 247/1020/8
f 206/816/8 1047/155/8 653/367/8
f 1048/152/15 205/820/15 654/369/15
f 657/376/15 654/369/15 248/1015/15
f 86/1088/9 1048/152/9 657/376/9
f 1049/149/8 204/1005/8 658/378/8
f 661/385/20 658/378/20 249/1008/20
f 203/1018/20 1049/149/20 661/385/20
f 1050/146/8 113/1048/8 662/387/8
f 665/394/8 662/387/8 250/1004/8
f 202/822/8 1050/146/8 665/394/8
f 1051/143/8 201/826/8 666/396/8
f 669/403/8 666/396/8 251/1001/8
f 154/1059/8 1051/143/8 669/403/8
f 1052/140/17 200/991/17 670/405/17
f 673/412/17 670/405/17 252/996/17
f 199/1003/8 1052/140/8 673/412/8
f 1053/137/17 96/931/17 674/414/17
f 677/421/17 674/414/17 253/990/17
f 198/828/8 1053/137/8 677/421/8
f 1054/134/8 197/832/8 678/423/8
f 681/430/20 678/423/20 254/985/20
f 155/960/20 1054/134/20 681/430/20
f 1055/131/17 196/970/17 682/432/17
f 685/439/8 682/432/8 255/976/8
f 195/988/20 1055/131/20 685/439/20
f 1056/128/17 116/997/17 686/441/17
f 689/448/17 686/441/17 256/969/17
f 194/834/8 1056/128/8 689/448/8
f 1057/125/8 193/838/8 690/450/8
f 693/457/20 690/450/20 257/963/20
f 147/1028/20 1057/125/20 693/457/20
f 1058/122/8 192/953/8 694/459/8
f 697/466/20 694/459/20 258/956/20
f 191/967/20 1058/122/20 697/466/20
f 1059/119/8 117/1058/8 698/468/8
f 701/475/8 698/468/8 259/952/8
f 190/840/8 1059/119/8 701/475/8
f 1060/116/8 189/844/8 702/477/8
f 705/484/8 702/477/8 260/949/8
f 158/1069/8 1060/116/8 705/484/8
f 1061/113/17 188/938/17 706/486/17
f 709/493/17 706/486/17 261/944/17
f 187/951/8 1061/113/8 709/493/8
f 1062/110/7 145/1089/7 710/495/7
f 713/502/16 710/495/16 262/937/16
f 186/846/16 1062/110/16 713/502/16
f 1063/107/8 185/850/8 714/504/8
f 717/511/8 714/504/8 263/934/8
f 159/918/8 1063/107/8 717/511/8
f 1064/104/17 184/924/17 718/513/17
f 721/520/17 718/513/17 264/930/17
f 183/936/8 1064/104/8 721/520/8
f 1065/101/17 120/945/17 722/522/17
f 725/529/17 722/522/17 265/923/17
f 182/852/8 1065/101/8 725/529/8
f 1066/98/8 181/856/8 726/531/8
f 729/538/8 726/531/8 266/920/8
f 146/897/8 1066/98/8 729/538/8
f 1067/95/8 180/913/8 730/540/8
f 733/547/8 730/540/8 267/916/8
f 179/922/8 1067/95/8 733/547/8
f 1068/92/8 121/1068/8 734/549/8
f 737/556/8 734/549/8 268/912/8
f 178/858/8 1068/92/8 737/556/8
f 1069/89/8 177/862/8 738/558/8
f 741/565/8 738/558/8 269/909/8
f 162/1079/8 1069/89/8 741/565/8
f 1070/86/8 176/903/8 742/567/8
f 745/574/8 742/567/8 270/906/8
f 175/911/8 1070/86/8 745/574/8
f 1071/83/7 141/1090/7 746/576/7
f 749/583/16 746/576/16 271/902/16
f 174/864/16 1071/83/16 749/583/16
f 1072/80/8 173/868/8 750/585/8
f 753/592/8 750/585/8 272/899/8
f 163/885/8 1072/80/8 753/592/8
f 1073/77/8 172/892/8 754/594/8
f 757/601/8 754/594/8 273/895/8
f 171/901/8 1073/77/8 757/601/8
f 1074/74/8 124/907/8 758/603/8
f 761/610/8 758/603/8 274/891/8
f 170/870/8 1074/74/8 761/610/8
f 1075/71/15 169/874/15 762/612/15
f 765/619/15 762/612/15 275/887/15
f 90/1091/9 1075/71/9 765/619/9
f 1076/68/8 168/880/8 766/621/8
f 769/628/8 766/621/8 276/883/8
f 167/890/8 1076/68/8 769/628/8
f 1077/65/8 125/1078/8 770/630/8
f 773/637/8 770/630/8 277/879/8
f 166/876/8 1077/65/8 773/637/8
f 1078/62/15 165/1081/15 774/639/15
f 777/646/15 774/639/15 278/873/15
f 130/1092/9 1078/62/9 777/646/9
f 1079/59/8 164/910/8 778/648/8
f 781/655/8 778/648/8 279/867/8
f 123/881/8 1079/59/8 781/655/8
f 1080/56/7 101/1093/7 782/657/7
f 785/664/16 782/657/16 280/861/16
f 122/1075/16 1080/56/16 785/664/16
f 1081/53/8 161/1071/8 786/666/8
f 789/673/8 786/666/8 281/855/8
f 106/893/8 1081/53/8 789/673/8
f 1082/50/8 160/950/8 790/675/8
f 793/682/8 790/675/8 282/849/8
f 119/914/8 1082/50/8 793/682/8
f 1083/47/7 105/1094/7 794/684/7
f 797/691/16 794/684/16 283/843/16
f 118/1065/16 1083/47/16 797/691/16
f 1084/44/8 157/1061/8 798/693/8
f 801/700/8 798/693/8 284/837/8
f 107/1022/8 1084/44/8 801/700/8
f 1085/41/8 156/1002/8 802/702/8
f 805/709/8 802/702/8 285/831/8
f 115/954/8 1085/41/8 805/709/8
f 1086/38/8 136/935/8 806/711/8
f 809/718/8 806/711/8 286/825/8
f 114/1056/8 1086/38/8 809/718/8
f 1087/35/15 153/1051/15 810/720/15
f 813/727/15 810/720/15 287/819/15
f 126/1095/9 1087/35/9 813/727/9
f 1088/32/8 152/1042/8 814/729/8
f 817/736/8 814/729/8 288/813/8
f 111/1006/8 1088/32/8 817/736/8
f 1089/29/8 137/900/8 818/738/8
f 821/745/8 818/738/8 289/807/8
f 110/1046/8 1089/29/8 821/745/8
f 1090/26/15 149/888/15 822/747/15
f 825/754/15 822/747/15 290/801/15
f 138/1096/9 1090/26/9 825/754/9
f 1091/23/8 148/921/8 826/756/8
f 829/763/8 826/756/8 291/795/8
f 95/1037/8 1091/23/8 829/763/8
f 1092/20/7 93/1097/7 830/765/7
f 833/772/16 830/765/16 292/789/16
f 94/904/16 1092/20/16 833/772/16
f 1093/17/7 89/1098/7 834/774/7
f 837/781/24 834/774/24 293/783/24
f 142/1099/9 1093/17/9 837/781/9
f 3/3/1 1/1100/1 2/1101/1
f 3/3/1 2/1101/1 494/1102/1
f 294/1103/1 4/1104/1 3/3/1
f 86/1105/1 294/1103/1 3/3/1
f 3/3/1 494/1102/1 142/1106/1
f 3/3/1 142/1106/1 350/1107/1
f 438/1108/1 86/1105/1 3/3/1
f 30/1109/1 438/1108/1 3/3/1
f 3/3/1 350/1107/1 46/1110/1
f 3/3/1 46/1110/1 454/1111/1
f 334/1112/1 30/1109/1 3/3/1
f 126/1113/1 334/1112/1 3/3/1
f 3/3/1 454/1111/1 102/1114/1
f 3/3/1 102/1114/1 310/1115/1
f 478/1116/1 126/1113/1 3/3/1
f 14/1117/1 478/1116/1 3/3/1
f 3/3/1 310/1115/1 18/1118/1
f 3/3/1 18/1118/1 482/1119/1
f 306/1120/1 14/1117/1 3/3/1
f 98/1121/1 306/1120/1 3/3/1
f 3/3/1 482/1119/1 130/1122/1
f 3/3/1 130/1122/1 338/1123/1
f 450/1124/1 98/1121/1 3/3/1
f 42/1125/1 450/1124/1 3/3/1
f 3/3/1 338/1123/1 34/1126/1
f 3/3/1 34/1126/1 442/1127/1
f 346/1128/1 42/1125/1 3/3/1
f 138/1129/1 346/1128/1 3/3/1
f 3/3/1 442/1127/1 90/1130/1
f 3/3/1 90/1130/1 298/1131/1
f 490/2/1 138/1129/1 3/3/1
f 3/3/1 298/1131/1 9/1/1
f 7/6/2 3/3/2 4/1104/2
f 7/6/2 4/1104/2 495/1132/2
f 295/1133/2 8/983/2 7/6/2
f 87/1134/2 295/1133/2 7/6/2
f 7/6/2 495/1132/2 143/1135/2
f 7/6/2 143/1135/2 351/1136/2
f 439/1137/2 87/1134/2 7/6/2
f 31/1138/2 439/1137/2 7/6/2
f 7/6/2 351/1136/2 47/1139/2
f 7/6/2 47/1139/2 455/1140/2
f 335/1141/2 31/1138/2 7/6/2
f 127/1142/2 335/1141/2 7/6/2
f 7/6/2 455/1140/2 103/1143/2
f 7/6/2 103/1143/2 311/1144/2
f 479/1145/2 127/1142/2 7/6/2
f 15/1146/2 479/1145/2 7/6/2
f 7/6/2 311/1144/2 19/1147/2
f 7/6/2 19/1147/2 483/1148/2
f 307/1149/2 15/1146/2 7/6/2
f 99/1150/2 307/1149/2 7/6/2
f 7/6/2 483/1148/2 131/1151/2
f 7/6/2 131/1151/2 339/1152/2
f 451/1153/2 99/1150/2 7/6/2
f 43/1154/2 451/1153/2 7/6/2
f 7/6/2 339/1152/2 35/1155/2
f 7/6/2 35/1155/2 443/1156/2
f 347/1157/2 43/1154/2 7/6/2
f 139/1158/2 347/1157/2 7/6/2
f 7/6/2 443/1156/2 91/1159/2
f 7/6/2 91/1159/2 299/1160/2
f 491/5/2 139/1158/2 7/6/2
f 7/6/2 299/1160/2 10/4/2
f 5/9/3 7/6/3 8/983/3
f 5/9/3 8/983/3 496/981/3
f 296/942/3 6/943/3 5/9/3
f 88/939/3 296/942/3 5/9/3
f 5/9/3 496/981/3 144/980/3
f 5/9/3 144/980/3 352/984/3
f 440/940/3 88/939/3 5/9/3
f 32/941/3 440/940/3 5/9/3
f 5/9/3 352/984/3 48/973/3
f 5/9/3 48/973/3 456/972/3
f 336/948/3 32/941/3 5/9/3
f 128/946/3 336/948/3 5/9/3
f 5/9/3 456/972/3 104/971/3
f 5/9/3 104/971/3 312/975/3
f 480/947/3 128/946/3 5/9/3
f 16/928/3 480/947/3 5/9/3
f 5/9/3 312/975/3 20/974/3
f 5/9/3 20/974/3 484/999/3
f 308/929/3 16/928/3 5/9/3
f 100/925/3 308/929/3 5/9/3
f 5/9/3 484/999/3 132/998/3
f 5/9/3 132/998/3 340/1000/3
f 452/926/3 100/925/3 5/9/3
f 44/927/3 452/926/3 5/9/3
f 5/9/3 340/1000/3 36/994/3
f 5/9/3 36/994/3 444/993/3
f 348/933/3 44/927/3 5/9/3
f 140/932/3 348/933/3 5/9/3
f 5/9/3 444/993/3 92/992/3
f 5/9/3 92/992/3 300/995/3
f 492/8/3 140/932/3 5/9/3
f 5/9/3 300/995/3 11/7/3
f 1/12/4 5/9/4 6/943/4
f 1/12/4 6/943/4 497/1161/4
f 297/1162/4 2/1163/4 1/12/4
f 89/1164/4 297/1162/4 1/12/4
f 1/12/4 497/1161/4 145/1165/4
f 1/12/4 145/1165/4 353/1166/4
f 441/1167/4 89/1164/4 1/12/4
f 33/1168/4 441/1167/4 1/12/4
f 1/12/4 353/1166/4 49/1169/4
f 1/12/4 49/1169/4 457/1170/4
f 337/1171/4 33/1168/4 1/12/4
f 129/1172/4 337/1171/4 1/12/4
f 1/12/4 457/1170/4 105/1173/4
f 1/12/4 105/1173/4 313/1174/4
f 481/1175/4 129/1172/4 1/12/4
f 17/1176/4 481/1175/4 1/12/4
f 1/12/4 313/1174/4 21/1177/4
f 1/12/4 21/1177/4 485/1178/4
f 309/1179/4 17/1176/4 1/12/4
f 101/1180/4 309/1179/4 1/12/4
f 1/12/4 485/1178/4 133/1181/4
f 1/12/4 133/1181/4 341/1182/4
f 453/1183/4 101/1180/4 1/12/4
f 45/1184/4 453/1183/4 1/12/4
f 1/12/4 341/1182/4 37/1185/4
f 1/12/4 37/1185/4 445/1186/4
f 349/1187/4 45/1184/4 1/12/4
f 141/1188/4 349/1187/4 1/12/4
f 1/12/4 445/1186/4 93/1189/4
f 1/12/4 93/1189/4 301/1190/4
f 493/11/4 141/1188/4 1/12/4
f 1/12/4 301/1190/4 12/10/4
f 7/6/5 5/9/5 1/13/5
f 494/15/8 2/1191/8 297/16/8
f 302/18/7 12/905/7 301/19/7
f 303/21/8 13/898/8 500/22/8
f 490/24/9 9/889/9 501/25/9
f 318/27/8 25/886/8 489/28/8
f 319/30/8 26/1007/8 504/31/8
f 478/33/9 14/1052/9 505/34/9
f 322/36/8 24/919/8 488/37/8
f 323/39/8 27/955/8 508/40/8
f 315/42/8 23/1023/8 509/43/8
f 326/45/7 21/1066/7 313/46/7
f 327/48/8 28/915/8 512/49/8
f 314/51/8 22/894/8 513/52/8
f 330/54/7 17/1076/7 309/55/7
f 331/57/8 29/882/8 516/58/8
f 482/60/9 18/1082/9 517/61/9
f 374/63/8 69/878/8 477/64/8
f 375/66/8 70/877/8 520/67/8
f 442/69/9 34/875/9 521/70/9
f 378/72/8 68/872/8 476/73/8
f 379/75/8 71/871/8 524/76/8
f 371/78/8 67/869/8 525/79/8
f 382/81/7 45/866/7 349/82/7
f 383/84/8 72/865/8 528/85/8
f 370/87/8 66/863/8 529/88/8
f 386/90/8 65/860/8 473/91/8
f 387/93/8 73/859/8 532/94/8
f 354/96/8 50/857/8 533/97/8
f 390/99/8 64/854/8 472/100/8
f 391/102/8 74/853/8 536/103/8
f 367/105/8 63/851/8 537/106/8
f 394/108/7 49/848/7 353/109/7
f 395/111/8 75/847/8 540/112/8
f 366/114/8 62/845/8 541/115/8
f 398/117/8 61/842/8 469/118/8
f 399/120/8 76/841/8 544/121/8
f 355/123/8 51/839/8 545/124/8
f 402/126/8 60/836/8 468/127/8
f 403/129/8 77/835/8 548/130/8
f 363/132/8 59/833/8 549/133/8
f 406/135/8 40/830/8 448/136/8
f 407/138/8 78/829/8 552/139/8
f 362/141/8 58/827/8 553/142/8
f 410/144/8 57/824/8 465/145/8
f 411/147/8 79/823/8 556/148/8
f 438/150/9 30/821/9 557/151/9
f 414/153/8 56/818/8 464/154/8
f 415/156/8 80/817/8 560/157/8
f 359/159/8 55/815/8 561/160/8
f 418/162/8 41/812/8 449/163/8
f 419/165/8 81/811/8 564/166/8
f 358/168/8 54/809/8 565/169/8
f 422/171/8 53/806/8 461/172/8
f 423/174/8 82/805/8 568/175/8
f 450/177/9 42/803/9 569/178/9
f 426/180/8 52/800/8 460/181/8
f 427/183/8 83/799/8 572/184/8
f 343/186/8 39/797/8 573/187/8
f 430/189/7 37/794/7 341/190/7
f 431/192/8 84/793/8 576/193/8
f 342/195/8 38/791/8 577/196/8
f 434/198/7 33/788/7 337/199/7
f 435/201/8 85/787/8 580/202/8
f 454/204/9 46/785/9 581/205/9
f 582/207/10 229/784/10 437/208/10
f 583/210/10 230/1080/10 584/211/10
f 310/213/9 102/1084/9 585/214/9
f 586/216/8 228/1074/8 436/217/8
f 587/219/8 231/1077/8 588/220/8
f 579/222/8 227/1083/8 589/223/8
f 590/225/7 129/1085/7 481/226/7
f 591/228/11 232/1073/11 592/229/11
f 578/231/11 226/786/11 593/232/11
f 594/234/8 225/790/8 433/235/8
f 595/237/8 233/1070/8 596/238/8
f 486/240/8 134/908/8 597/241/8
f 598/243/8 224/1064/8 432/244/8
f 599/246/8 234/1067/8 600/247/8
f 575/249/8 223/1072/8 601/250/8
f 602/252/7 133/1086/7 485/253/7
f 603/255/11 235/1063/11 604/256/11
f 574/258/11 222/792/11 605/259/11
f 606/261/8 221/796/8 429/262/8
f 607/264/8 236/1060/8 608/265/8
f 487/267/8 135/1040/8 609/268/8
f 610/270/8 220/1055/8 428/271/8
f 611/273/8 237/1057/8 612/274/8
f 571/276/8 219/1062/8 613/277/8
f 614/279/8 108/917/8 316/280/8
f 615/282/8 238/1054/8 616/283/8
f 570/285/8 218/798/8 617/286/8
f 618/288/10 217/802/10 425/289/10
f 619/291/10 239/1050/10 620/292/10
f 306/294/9 98/1087/9 621/295/9
f 622/297/8 216/1045/8 424/298/8
f 623/300/8 240/1047/8 624/301/8
f 567/303/8 215/1053/8 625/304/8
f 626/306/8 109/884/8 317/307/8
f 627/309/8 241/1044/8 628/310/8
f 566/312/8 214/804/8 629/313/8
f 630/315/8 213/808/8 421/316/8
f 631/318/8 242/1041/8 632/319/8
f 502/321/8 150/1049/8 633/322/8
f 634/324/8 212/1036/8 420/325/8
f 635/327/8 243/1038/8 636/328/8
f 563/330/8 211/1043/8 637/331/8
f 638/333/8 97/896/8 305/334/8
f 639/336/8 244/1035/8 640/337/8
f 562/339/8 210/810/8 641/340/8
f 642/342/8 209/814/8 417/343/8
f 643/345/12 245/1030/12 644/346/12
f 503/348/12 151/1012/12 645/349/12
f 646/351/8 208/1021/8 416/352/8
f 647/354/12 246/1024/12 648/355/12
f 559/357/12 207/1033/12 649/358/12
f 650/360/8 112/1039/8 320/361/8
f 651/363/8 247/1020/8 652/364/8
f 558/366/8 206/816/8 653/367/8
f 654/369/10 205/820/10 413/370/10
f 655/372/12 248/1015/12 656/373/12
f 294/375/9 86/1088/9 657/376/9
f 658/378/8 204/1005/8 412/379/8
f 659/381/12 249/1008/12 660/382/12
f 555/384/12 203/1018/12 661/385/12
f 662/387/8 113/1048/8 321/388/8
f 663/390/8 250/1004/8 664/391/8
f 554/393/8 202/822/8 665/394/8
f 666/396/8 201/826/8 409/397/8
f 667/399/8 251/1001/8 668/400/8
f 506/402/8 154/1059/8 669/403/8
f 670/405/13 200/991/13 408/406/13
f 671/408/13 252/996/13 672/409/13
f 551/411/8 199/1003/8 673/412/8
f 674/414/13 96/931/13 304/415/13
f 675/417/13 253/990/13 676/418/13
f 550/420/8 198/828/8 677/421/8
f 678/423/8 197/832/8 405/424/8
f 679/426/12 254/985/12 680/427/12
f 507/429/12 155/960/12 681/430/12
f 682/432/13 196/970/13 404/433/13
f 683/435/25 255/976/25 684/436/25
f 547/438/12 195/988/12 685/439/12
f 686/441/13 116/997/13 324/442/13
f 687/444/13 256/969/13 688/445/13
f 546/447/8 194/834/8 689/448/8
f 690/450/8 193/838/8 401/451/8
f 691/453/12 257/963/12 692/454/12
f 499/456/12 147/1028/12 693/457/12
f 694/459/8 192/953/8 400/460/8
f 695/462/12 258/956/12 696/463/12
f 543/465/12 191/967/12 697/466/12
f 698/468/8 117/1058/8 325/469/8
f 699/471/8 259/952/8 700/472/8
f 542/474/8 190/840/8 701/475/8
f 702/477/8 189/844/8 397/478/8
f 703/480/8 260/949/8 704/481/8
f 510/483/8 158/1069/8 705/484/8
f 706/486/13 188/938/13 396/487/13
f 707/489/13 261/944/13 708/490/13
f 539/492/8 187/951/8 709/493/8
f 710/495/7 145/1089/7 497/496/7
f 711/498/13 262/937/13 712/499/13
f 538/501/11 186/846/11 713/502/11
f 714/504/8 185/850/8 393/505/8
f 715/507/8 263/934/8 716/508/8
f 511/510/8 159/918/8 717/511/8
f 718/513/13 184/924/13 392/514/13
f 719/516/13 264/930/13 720/517/13
f 535/519/8 183/936/8 721/520/8
f 722/522/13 120/945/13 328/523/13
f 723/525/13 265/923/13 724/526/13
f 534/528/8 182/852/8 725/529/8
f 726/531/8 181/856/8 389/532/8
f 727/534/8 266/920/8 728/535/8
f 498/537/8 146/897/8 729/538/8
f 730/540/8 180/913/8 388/541/8
f 731/543/8 267/916/8 732/544/8
f 531/546/8 179/922/8 733/547/8
f 734/549/8 121/1068/8 329/550/8
f 735/552/8 268/912/8 736/553/8
f 530/555/8 178/858/8 737/556/8
f 738/558/8 177/862/8 385/559/8
f 739/561/8 269/909/8 740/562/8
f 514/564/8 162/1079/8 741/565/8
f 742/567/8 176/903/8 384/568/8
f 743/570/8 270/906/8 744/571/8
f 527/573/8 175/911/8 745/574/8
f 746/576/7 141/1090/7 493/577/7
f 747/579/11 271/902/11 748/580/11
f 526/582/11 174/864/11 749/583/11
f 750/585/8 173/868/8 381/586/8
f 751/588/8 272/899/8 752/589/8
f 515/591/8 163/885/8 753/592/8
f 754/594/8 172/892/8 380/595/8
f 755/597/8 273/895/8 756/598/8
f 523/600/8 171/901/8 757/601/8
f 758/603/8 124/907/8 332/604/8
f 759/606/8 274/891/8 760/607/8
f 522/609/8 170/870/8 761/610/8
f 762/612/10 169/874/10 377/613/10
f 763/615/10 275/887/10 764/616/10
f 298/618/9 90/1091/9 765/619/9
f 766/621/8 168/880/8 376/622/8
f 767/624/8 276/883/8 768/625/8
f 519/627/8 167/890/8 769/628/8
f 770/630/8 125/1078/8 333/631/8
f 771/633/8 277/879/8 772/634/8
f 518/636/8 166/876/8 773/637/8
f 774/639/10 165/1081/10 373/640/10
f 775/642/10 278/873/10 776/643/10
f 338/645/9 130/1092/9 777/646/9
f 778/648/8 164/910/8 372/649/8
f 779/651/8 279/867/8 780/652/8
f 475/654/8 123/881/8 781/655/8
f 782/657/7 101/1093/7 453/658/7
f 783/660/11 280/861/11 784/661/11
f 474/663/11 122/1075/11 785/664/11
f 786/666/8 161/1071/8 369/667/8
f 787/669/8 281/855/8 788/670/8
f 458/672/8 106/893/8 789/673/8
f 790/675/8 160/950/8 368/676/8
f 791/678/8 282/849/8 792/679/8
f 471/681/8 119/914/8 793/682/8
f 794/684/7 105/1094/7 457/685/7
f 795/687/11 283/843/11 796/688/11
f 470/690/11 118/1065/11 797/691/11
f 798/693/8 157/1061/8 365/694/8
f 799/696/8 284/837/8 800/697/8
f 459/699/8 107/1022/8 801/700/8
f 802/702/8 156/1002/8 364/703/8
f 803/705/8 285/831/8 804/706/8
f 467/708/8 115/954/8 805/709/8
f 806/711/8 136/935/8 344/712/8
f 807/714/8 286/825/8 808/715/8
f 466/717/8 114/1056/8 809/718/8
f 810/720/10 153/1051/10 361/721/10
f 811/723/10 287/819/10 812/724/10
f 334/726/9 126/1095/9 813/727/9
f 814/729/8 152/1042/8 360/730/8
f 815/732/8 288/813/8 816/733/8
f 463/735/8 111/1006/8 817/736/8
f 818/738/8 137/900/8 345/739/8
f 819/741/8 289/807/8 820/742/8
f 462/744/8 110/1046/8 821/745/8
f 822/747/10 149/888/10 357/748/10
f 823/750/10 290/801/10 824/751/10
f 346/753/9 138/1096/9 825/754/9
f 826/756/8 148/921/8 356/757/8
f 827/759/8 291/795/8 828/760/8
f 447/762/8 95/1037/8 829/763/8
f 830/765/7 93/1097/7 445/766/7
f 831/768/11 292/789/11 832/769/11
f 446/771/11 94/904/11 833/772/11
f 834/774/7 89/1098/7 441/775/7
f 835/777/8 293/783/8 836/778/8
f 350/780/9 142/1099/9 837/781/9
f 838/782/15 837/781/15 293/783/15
f 581/205/15 838/782/15 835/777/15
f 46/785/9 350/780/9 838/782/9
f 839/779/11 836/778/11 226/786/11
f 437/208/8 839/779/8 578/231/8
f 229/784/10 835/777/10 839/779/10
f 840/776/7 441/775/7 33/788/7
f 836/778/16 840/776/16 434/198/16
f 293/783/16 834/774/16 840/776/16
f 841/773/11 833/772/11 292/789/11
f 577/196/8 841/773/8 831/768/8
f 38/791/8 446/771/8 841/773/8
f 842/770/11 832/769/11 222/792/11
f 433/235/8 842/770/8 574/258/8
f 225/790/8 831/768/8 842/770/8
f 843/767/7 445/766/7 37/794/7
f 832/769/16 843/767/16 430/189/16
f 292/789/16 830/765/16 843/767/16
f 844/764/8 829/763/8 291/795/8
f 573/187/8 844/764/8 827/759/8
f 39/797/8 447/762/8 844/764/8
f 845/761/8 828/760/8 218/798/8
f 429/262/8 845/761/8 570/285/8
f 221/796/8 827/759/8 845/761/8
f 846/758/8 356/757/8 52/800/8
f 828/760/8 846/758/8 426/180/8
f 291/795/8 826/756/8 846/758/8
f 847/755/15 825/754/15 290/801/15
f 569/178/15 847/755/15 823/750/15
f 42/803/9 346/753/9 847/755/9
f 848/752/8 824/751/8 214/804/8
f 425/289/8 848/752/8 566/312/8
f 217/802/10 823/750/10 848/752/10
f 849/749/8 357/748/8 53/806/8
f 824/751/8 849/749/8 422/171/8
f 290/801/10 822/747/10 849/749/10
f 850/746/8 821/745/8 289/807/8
f 565/169/8 850/746/8 819/741/8
f 54/809/8 462/744/8 850/746/8
f 851/743/8 820/742/8 210/810/8
f 421/316/8 851/743/8 562/339/8
f 213/808/8 819/741/8 851/743/8
f 852/740/8 345/739/8 41/812/8
f 820/742/8 852/740/8 418/162/8
f 289/807/8 818/738/8 852/740/8
f 853/737/8 817/736/8 288/813/8
f 561/160/8 853/737/8 815/732/8
f 55/815/8 463/735/8 853/737/8
f 854/734/8 816/733/8 206/816/8
f 417/343/8 854/734/8 558/366/8
f 209/814/8 815/732/8 854/734/8
f 855/731/8 360/730/8 56/818/8
f 816/733/8 855/731/8 414/153/8
f 288/813/8 814/729/8 855/731/8
f 856/728/15 813/727/15 287/819/15
f 557/151/15 856/728/15 811/723/15
f 30/821/9 334/726/9 856/728/9
f 857/725/8 812/724/8 202/822/8
f 413/370/8 857/725/8 554/393/8
f 205/820/10 811/723/10 857/725/10
f 858/722/8 361/721/8 57/824/8
f 812/724/8 858/722/8 410/144/8
f 287/819/10 810/720/10 858/722/10
f 859/719/8 809/718/8 286/825/8
f 553/142/8 859/719/8 807/714/8
f 58/827/8 466/717/8 859/719/8
f 860/716/8 808/715/8 198/828/8
f 409/397/8 860/716/8 550/420/8
f 201/826/8 807/714/8 860/716/8
f 861/713/8 344/712/8 40/830/8
f 808/715/8 861/713/8 406/135/8
f 286/825/8 806/711/8 861/713/8
f 862/710/8 805/709/8 285/831/8
f 549/133/8 862/710/8 803/705/8
f 59/833/8 467/708/8 862/710/8
f 863/707/8 804/706/8 194/834/8
f 405/424/8 863/707/8 546/447/8
f 197/832/8 803/705/8 863/707/8
f 864/704/8 364/703/8 60/836/8
f 804/706/8 864/704/8 402/126/8
f 285/831/8 802/702/8 864/704/8
f 865/701/8 801/700/8 284/837/8
f 545/124/8 865/701/8 799/696/8
f 51/839/8 459/699/8 865/701/8
f 866/698/8 800/697/8 190/840/8
f 401/451/8 866/698/8 542/474/8
f 193/838/8 799/696/8 866/698/8
f 867/695/8 365/694/8 61/842/8
f 800/697/8 867/695/8 398/117/8
f 284/837/8 798/693/8 867/695/8
f 868/692/11 797/691/11 283/843/11
f 541/115/8 868/692/8 795/687/8
f 62/845/8 470/690/8 868/692/8
f 869/689/11 796/688/11 186/846/11
f 397/478/8 869/689/8 538/501/8
f 189/844/8 795/687/8 869/689/8
f 870/686/7 457/685/7 49/848/7
f 796/688/16 870/686/16 394/108/16
f 283/843/16 794/684/16 870/686/16
f 871/683/8 793/682/8 282/849/8
f 537/106/8 871/683/8 791/678/8
f 63/851/8 471/681/8 871/683/8
f 872/680/8 792/679/8 182/852/8
f 393/505/8 872/680/8 534/528/8
f 185/850/8 791/678/8 872/680/8
f 873/677/8 368/676/8 64/854/8
f 792/679/8 873/677/8 390/99/8
f 282/849/8 790/675/8 873/677/8
f 874/674/8 789/673/8 281/855/8
f 533/97/8 874/674/8 787/669/8
f 50/857/8 458/672/8 874/674/8
f 875/671/8 788/670/8 178/858/8
f 389/532/8 875/671/8 530/555/8
f 181/856/8 787/669/8 875/671/8
f 876/668/8 369/667/8 65/860/8
f 788/670/8 876/668/8 386/90/8
f 281/855/8 786/666/8 876/668/8
f 877/665/11 785/664/11 280/861/11
f 529/88/8 877/665/8 783/660/8
f 66/863/8 474/663/8 877/665/8
f 878/662/11 784/661/11 174/864/11
f 385/559/8 878/662/8 526/582/8
f 177/862/8 783/660/8 878/662/8
f 879/659/7 453/658/7 45/866/7
f 784/661/16 879/659/16 382/81/16
f 280/861/16 782/657/16 879/659/16
f 880/656/8 781/655/8 279/867/8
f 525/79/8 880/656/8 779/651/8
f 67/869/8 475/654/8 880/656/8
f 881/653/8 780/652/8 170/870/8
f 381/586/8 881/653/8 522/609/8
f 173/868/8 779/651/8 881/653/8
f 882/650/8 372/649/8 68/872/8
f 780/652/8 882/650/8 378/72/8
f 279/867/8 778/648/8 882/650/8
f 883/647/15 777/646/15 278/873/15
f 521/70/15 883/647/15 775/642/15
f 34/875/9 338/645/9 883/647/9
f 884/644/8 776/643/8 166/876/8
f 377/613/8 884/644/8 518/636/8
f 169/874/10 775/642/10 884/644/10
f 885/641/8 373/640/8 69/878/8
f 776/643/8 885/641/8 374/63/8
f 278/873/10 774/639/10 885/641/10
f 886/638/8 773/637/8 277/879/8
f 520/67/8 886/638/8 771/633/8
f 70/877/8 518/636/8 886/638/8
f 887/635/8 772/634/8 123/881/8
f 376/622/8 887/635/8 475/654/8
f 168/880/8 771/633/8 887/635/8
f 888/632/8 333/631/8 29/882/8
f 772/634/8 888/632/8 331/57/8
f 277/879/8 770/630/8 888/632/8
f 889/629/8 769/628/8 276/883/8
f 461/172/8 889/629/8 767/624/8
f 53/806/8 519/627/8 889/629/8
f 890/626/8 768/625/8 163/885/8
f 317/307/8 890/626/8 515/591/8
f 109/884/8 767/624/8 890/626/8
f 891/623/8 376/622/8 67/869/8
f 768/625/8 891/623/8 371/78/8
f 276/883/8 766/621/8 891/623/8
f 892/620/15 765/619/15 275/887/15
f 501/25/15 892/620/15 763/615/15
f 9/889/9 298/618/9 892/620/9
f 893/617/8 764/616/8 167/890/8
f 357/748/8 893/617/8 519/627/8
f 149/888/10 763/615/10 893/617/10
f 894/614/8 377/613/8 70/877/8
f 764/616/8 894/614/8 375/66/8
f 275/887/10 762/612/10 894/614/10
f 895/611/8 761/610/8 274/891/8
f 524/76/8 895/611/8 759/606/8
f 71/871/8 522/609/8 895/611/8
f 896/608/8 760/607/8 106/893/8
f 380/595/8 896/608/8 458/672/8
f 172/892/8 759/606/8 896/608/8
f 897/605/8 332/604/8 22/894/8
f 760/607/8 897/605/8 314/51/8
f 274/891/8 758/603/8 897/605/8
f 898/602/8 757/601/8 273/895/8
f 449/163/8 898/602/8 755/597/8
f 41/812/8 523/600/8 898/602/8
f 899/599/8 756/598/8 146/897/8
f 305/334/8 899/599/8 498/537/8
f 97/896/8 755/597/8 899/599/8
f 900/596/8 380/595/8 50/857/8
f 756/598/8 900/596/8 354/96/8
f 273/895/8 754/594/8 900/596/8
f 901/593/8 753/592/8 272/899/8
f 489/28/8 901/593/8 751/588/8
f 25/886/8 515/591/8 901/593/8
f 902/590/8 752/589/8 171/901/8
f 345/739/8 902/590/8 523/600/8
f 137/900/8 751/588/8 902/590/8
f 903/587/8 381/586/8 71/871/8
f 752/589/8 903/587/8 379/75/8
f 272/899/8 750/585/8 903/587/8
f 904/584/11 749/583/11 271/902/11
f 528/85/8 904/584/8 747/579/8
f 72/865/8 526/582/8 904/584/8
f 905/581/11 748/580/11 94/904/11
f 384/568/8 905/581/8 446/771/8
f 176/903/8 747/579/8 905/581/8
f 906/578/7 493/577/7 12/905/7
f 748/580/16 906/578/16 302/18/16
f 271/902/16 746/576/16 906/578/16
f 907/575/8 745/574/8 270/906/8
f 476/73/8 907/575/8 743/570/8
f 68/872/8 527/573/8 907/575/8
f 908/572/8 744/571/8 134/908/8
f 332/604/8 908/572/8 486/240/8
f 124/907/8 743/570/8 908/572/8
f 909/569/8 384/568/8 38/791/8
f 744/571/8 909/569/8 342/195/8
f 270/906/8 742/567/8 909/569/8
f 910/566/8 741/565/8 269/909/8
f 516/58/8 910/566/8 739/561/8
f 29/882/8 514/564/8 910/566/8
f 911/563/8 740/562/8 175/911/8
f 372/649/8 911/563/8 527/573/8
f 164/910/8 739/561/8 911/563/8
f 912/560/8 385/559/8 72/865/8
f 740/562/8 912/560/8 383/84/8
f 269/909/8 738/558/8 912/560/8
f 913/557/8 737/556/8 268/912/8
f 532/94/8 913/557/8 735/552/8
f 73/859/8 530/555/8 913/557/8
f 914/554/8 736/553/8 119/914/8
f 388/541/8 914/554/8 471/681/8
f 180/913/8 735/552/8 914/554/8
f 915/551/8 329/550/8 28/915/8
f 736/553/8 915/551/8 327/48/8
f 268/912/8 734/549/8 915/551/8
f 916/548/8 733/547/8 267/916/8
f 460/181/8 916/548/8 731/543/8
f 52/800/8 531/546/8 916/548/8
f 917/545/8 732/544/8 159/918/8
f 316/280/8 917/545/8 511/510/8
f 108/917/8 731/543/8 917/545/8
f 918/542/8 388/541/8 63/851/8
f 732/544/8 918/542/8 367/105/8
f 267/916/8 730/540/8 918/542/8
f 919/539/8 729/538/8 266/920/8
f 500/22/8 919/539/8 727/534/8
f 13/898/8 498/537/8 919/539/8
f 920/536/8 728/535/8 179/922/8
f 356/757/8 920/536/8 531/546/8
f 148/921/8 727/534/8 920/536/8
f 921/533/8 389/532/8 73/859/8
f 728/535/8 921/533/8 387/93/8
f 266/920/8 726/531/8 921/533/8
f 922/530/17 725/529/17 265/923/17
f 536/103/17 922/530/17 723/525/17
f 74/853/8 534/528/8 922/530/8
f 923/527/18 724/526/18 100/925/18
f 392/514/18 923/527/18 452/926/18
f 184/924/13 723/525/13 923/527/13
f 924/524/18 328/523/18 16/928/18
f 724/526/18 924/524/18 308/929/18
f 265/923/13 722/522/13 924/524/13
f 925/521/17 721/520/17 264/930/17
f 448/136/17 925/521/17 719/516/17
f 40/830/8 535/519/8 925/521/8
f 926/518/18 720/517/18 140/932/18
f 304/415/18 926/518/18 492/8/18
f 96/931/13 719/516/13 926/518/13
f 927/515/18 392/514/18 44/927/18
f 720/517/18 927/515/18 348/933/18
f 264/930/13 718/513/13 927/515/13
f 928/512/8 717/511/8 263/934/8
f 488/37/8 928/512/8 715/507/8
f 24/919/8 511/510/8 928/512/8
f 929/509/8 716/508/8 183/936/8
f 344/712/8 929/509/8 535/519/8
f 136/935/8 715/507/8 929/509/8
f 930/506/8 393/505/8 74/853/8
f 716/508/8 930/506/8 391/102/8
f 263/934/8 714/504/8 930/506/8
f 711/498/26 931/503/26 713/502/26
f 540/112/17 931/503/17 711/498/17
f 75/847/8 538/501/8 931/503/8
f 932/500/18 712/499/18 88/939/18
f 396/487/18 932/500/18 440/940/18
f 188/938/13 711/498/13 932/500/13
f 296/942/27 933/497/27 497/496/27
f 712/499/18 933/497/18 296/942/18
f 712/499/28 262/937/28 710/495/28
f 934/494/17 709/493/17 261/944/17
f 472/100/17 934/494/17 707/489/17
f 64/854/8 539/492/8 934/494/8
f 935/491/18 708/490/18 128/946/18
f 328/523/18 935/491/18 480/947/18
f 120/945/13 707/489/13 935/491/13
f 936/488/18 396/487/18 32/941/18
f 708/490/18 936/488/18 336/948/18
f 261/944/13 706/486/13 936/488/13
f 937/485/8 705/484/8 260/949/8
f 512/49/8 937/485/8 703/480/8
f 28/915/8 510/483/8 937/485/8
f 938/482/8 704/481/8 187/951/8
f 368/676/8 938/482/8 539/492/8
f 160/950/8 703/480/8 938/482/8
f 939/479/8 397/478/8 75/847/8
f 704/481/8 939/479/8 395/111/8
f 260/949/8 702/477/8 939/479/8
f 940/476/8 701/475/8 259/952/8
f 544/121/8 940/476/8 699/471/8
f 76/841/8 542/474/8 940/476/8
f 941/473/8 700/472/8 115/954/8
f 400/460/8 941/473/8 467/708/8
f 192/953/8 699/471/8 941/473/8
f 942/470/8 325/469/8 27/955/8
f 700/472/8 942/470/8 323/39/8
f 259/952/8 698/468/8 942/470/8
f 943/467/12 697/466/12 258/956/12
f 451/957/19 943/467/19 695/462/19
f 43/959/19 543/465/19 943/467/19
f 944/464/12 696/463/12 155/960/12
f 307/961/19 944/464/19 507/429/19
f 99/958/19 695/462/19 944/464/19
f 945/461/8 400/460/8 59/833/8
f 696/463/20 945/461/20 363/132/20
f 258/956/20 694/459/20 945/461/20
f 946/458/12 693/457/12 257/963/12
f 491/964/19 946/458/19 691/453/19
f 10/966/19 499/456/19 946/458/19
f 947/455/12 692/454/12 191/967/12
f 347/968/19 947/455/19 543/465/19
f 139/965/19 691/453/19 947/455/19
f 948/452/8 401/451/8 76/841/8
f 692/454/20 948/452/20 399/120/20
f 257/963/20 690/450/20 948/452/20
f 949/449/17 689/448/17 256/969/17
f 548/130/17 949/449/17 687/444/17
f 77/835/8 546/447/8 949/449/8
f 950/446/18 688/445/18 104/971/18
f 404/433/18 950/446/18 456/972/18
f 196/970/13 687/444/13 950/446/13
f 951/443/18 324/442/18 20/974/18
f 688/445/18 951/443/18 312/975/18
f 256/969/13 686/441/13 951/443/13
f 952/440/12 685/439/12 255/976/12
f 439/977/19 952/440/19 683/435/19
f 31/979/19 547/438/19 952/440/19
f 953/437/18 684/436/18 144/980/18
f 295/982/29 953/437/29 496/981/29
f 87/978/19 683/435/19 953/437/19
f 954/434/18 404/433/18 48/973/18
f 684/436/18 954/434/18 352/984/18
f 255/976/13 682/432/13 954/434/13
f 955/431/12 681/430/12 254/985/12
f 479/986/19 955/431/19 679/426/19
f 15/962/19 507/429/19 955/431/19
f 956/428/12 680/427/12 195/988/12
f 335/989/19 956/428/19 547/438/19
f 127/987/19 679/426/19 956/428/19
f 957/425/8 405/424/8 77/835/8
f 680/427/20 957/425/20 403/129/20
f 254/985/20 678/423/20 957/425/20
f 958/422/17 677/421/17 253/990/17
f 552/139/17 958/422/17 675/417/17
f 78/829/8 550/420/8 958/422/8
f 959/419/18 676/418/18 92/992/18
f 408/406/18 959/419/18 444/993/18
f 200/991/13 675/417/13 959/419/13
f 960/416/18 304/415/18 11/7/18
f 676/418/18 960/416/18 300/995/18
f 253/990/13 674/414/13 960/416/13
f 961/413/17 673/412/17 252/996/17
f 468/127/17 961/413/17 671/408/17
f 60/836/8 551/411/8 961/413/8
f 962/410/18 672/409/18 132/998/18
f 324/442/18 962/410/18 484/999/18
f 116/997/13 671/408/13 962/410/13
f 963/407/18 408/406/18 36/994/18
f 672/409/18 963/407/18 340/1000/18
f 252/996/13 670/405/13 963/407/13
f 964/404/8 669/403/8 251/1001/8
f 508/40/8 964/404/8 667/399/8
f 27/955/8 506/402/8 964/404/8
f 965/401/8 668/400/8 199/1003/8
f 364/703/8 965/401/8 551/411/8
f 156/1002/8 667/399/8 965/401/8
f 966/398/8 409/397/8 78/829/8
f 668/400/8 966/398/8 407/138/8
f 251/1001/8 666/396/8 966/398/8
f 967/395/8 665/394/8 250/1004/8
f 556/148/8 967/395/8 663/390/8
f 79/823/8 554/393/8 967/395/8
f 968/392/8 664/391/8 111/1006/8
f 412/379/8 968/392/8 463/735/8
f 204/1005/8 663/390/8 968/392/8
f 969/389/8 321/388/8 26/1007/8
f 664/391/8 969/389/8 319/30/8
f 250/1004/8 662/387/8 969/389/8
f 970/386/12 661/385/12 249/1008/12
f 455/1009/19 970/386/19 659/381/19
f 47/1011/19 555/384/19 970/386/19
f 971/383/12 660/382/12 151/1012/12
f 311/1013/19 971/383/19 503/348/19
f 103/1010/19 659/381/19 971/383/19
f 972/380/8 412/379/8 55/815/8
f 660/382/20 972/380/20 359/159/20
f 249/1008/20 658/378/20 972/380/20
f 655/372/8 973/377/8 657/376/8
f 495/1016/19 973/377/19 655/372/19
f 495/1016/8 4/1192/8 294/375/8
f 974/374/12 656/373/12 203/1018/12
f 351/1019/19 974/374/19 555/384/19
f 143/1017/19 655/372/19 974/374/19
f 975/371/8 413/370/8 79/823/8
f 656/373/20 975/371/20 411/147/20
f 656/373/8 248/1015/8 654/369/8
f 976/368/8 653/367/8 247/1020/8
f 560/157/8 976/368/8 651/363/8
f 80/817/8 558/366/8 976/368/8
f 977/365/8 652/364/8 107/1022/8
f 416/352/8 977/365/8 459/699/8
f 208/1021/8 651/363/8 977/365/8
f 978/362/8 320/361/8 23/1023/8
f 652/364/8 978/362/8 315/42/8
f 247/1020/8 650/360/8 978/362/8
f 979/359/12 649/358/12 246/1024/12
f 443/1025/19 979/359/19 647/354/19
f 35/1027/19 559/357/19 979/359/19
f 980/356/12 648/355/12 147/1028/12
f 299/1029/19 980/356/19 499/456/19
f 91/1026/19 647/354/19 980/356/19
f 981/353/8 416/352/8 51/839/8
f 648/355/20 981/353/20 355/123/20
f 246/1024/20 646/351/20 981/353/20
f 982/350/12 645/349/12 245/1030/12
f 483/1031/19 982/350/19 643/345/19
f 19/1014/19 503/348/19 982/350/19
f 983/347/12 644/346/12 207/1033/12
f 339/1034/19 983/347/19 559/357/19
f 131/1032/19 643/345/19 983/347/19
f 984/344/8 417/343/8 80/817/8
f 644/346/20 984/344/20 415/156/20
f 245/1030/20 642/342/20 984/344/20
f 985/341/8 641/340/8 244/1035/8
f 564/166/8 985/341/8 639/336/8
f 81/811/8 562/339/8 985/341/8
f 986/338/8 640/337/8 95/1037/8
f 420/325/8 986/338/8 447/762/8
f 212/1036/8 639/336/8 986/338/8
f 987/335/8 305/334/8 13/898/8
f 640/337/8 987/335/8 303/21/8
f 244/1035/8 638/333/8 987/335/8
f 988/332/8 637/331/8 243/1038/8
f 464/154/8 988/332/8 635/327/8
f 56/818/8 563/330/8 988/332/8
f 989/329/8 636/328/8 135/1040/8
f 320/361/8 989/329/8 487/267/8
f 112/1039/8 635/327/8 989/329/8
f 990/326/8 420/325/8 39/797/8
f 636/328/8 990/326/8 343/186/8
f 243/1038/8 634/324/8 990/326/8
f 991/323/8 633/322/8 242/1041/8
f 504/31/8 991/323/8 631/318/8
f 26/1007/8 502/321/8 991/323/8
f 992/320/8 632/319/8 211/1043/8
f 360/730/8 992/320/8 563/330/8
f 152/1042/8 631/318/8 992/320/8
f 993/317/8 421/316/8 81/811/8
f 632/319/8 993/317/8 419/165/8
f 242/1041/8 630/315/8 993/317/8
f 994/314/8 629/313/8 241/1044/8
f 568/175/8 994/314/8 627/309/8
f 82/805/8 566/312/8 994/314/8
f 995/311/8 628/310/8 110/1046/8
f 424/298/8 995/311/8 462/744/8
f 216/1045/8 627/309/8 995/311/8
f 996/308/8 317/307/8 25/886/8
f 628/310/8 996/308/8 318/27/8
f 241/1044/8 626/306/8 996/308/8
f 997/305/8 625/304/8 240/1047/8
f 465/145/8 997/305/8 623/300/8
f 57/824/8 567/303/8 997/305/8
f 998/302/8 624/301/8 150/1049/8
f 321/388/8 998/302/8 502/321/8
f 113/1048/8 623/300/8 998/302/8
f 999/299/8 424/298/8 54/809/8
f 624/301/8 999/299/8 358/168/8
f 240/1047/8 622/297/8 999/299/8
f 1000/296/15 621/295/15 239/1050/15
f 505/34/15 1000/296/15 619/291/15
f 14/1052/9 306/294/9 1000/296/9
f 1001/293/8 620/292/8 215/1053/8
f 361/721/8 1001/293/8 567/303/8
f 153/1051/10 619/291/10 1001/293/10
f 1002/290/8 425/289/8 82/805/8
f 620/292/8 1002/290/8 423/174/8
f 239/1050/10 618/288/10 1002/290/10
f 1003/287/8 617/286/8 238/1054/8
f 572/184/8 1003/287/8 615/282/8
f 83/799/8 570/285/8 1003/287/8
f 1004/284/8 616/283/8 114/1056/8
f 428/271/8 1004/284/8 466/717/8
f 220/1055/8 615/282/8 1004/284/8
f 1005/281/8 316/280/8 24/919/8
f 616/283/8 1005/281/8 322/36/8
f 238/1054/8 614/279/8 1005/281/8
f 1006/278/8 613/277/8 237/1057/8
f 469/118/8 1006/278/8 611/273/8
f 61/842/8 571/276/8 1006/278/8
f 1007/275/8 612/274/8 154/1059/8
f 325/469/8 1007/275/8 506/402/8
f 117/1058/8 611/273/8 1007/275/8
f 1008/272/8 428/271/8 58/827/8
f 612/274/8 1008/272/8 362/141/8
f 237/1057/8 610/270/8 1008/272/8
f 1009/269/8 609/268/8 236/1060/8
f 509/43/8 1009/269/8 607/264/8
f 23/1023/8 487/267/8 1009/269/8
f 1010/266/8 608/265/8 219/1062/8
f 365/694/8 1010/266/8 571/276/8
f 157/1061/8 607/264/8 1010/266/8
f 1011/263/8 429/262/8 83/799/8
f 608/265/8 1011/263/8 427/183/8
f 236/1060/8 606/261/8 1011/263/8
f 1012/260/11 605/259/11 235/1063/11
f 576/193/8 1012/260/8 603/255/8
f 84/793/8 574/258/8 1012/260/8
f 1013/257/11 604/256/11 118/1065/11
f 432/244/8 1013/257/8 470/690/8
f 224/1064/8 603/255/8 1013/257/8
f 1014/254/7 485/253/7 21/1066/7
f 604/256/16 1014/254/16 326/45/16
f 235/1063/16 602/252/16 1014/254/16
f 1015/251/8 601/250/8 234/1067/8
f 473/91/8 1015/251/8 599/246/8
f 65/860/8 575/249/8 1015/251/8
f 1016/248/8 600/247/8 158/1069/8
f 329/550/8 1016/248/8 510/483/8
f 121/1068/8 599/246/8 1016/248/8
f 1017/245/8 432/244/8 62/845/8
f 600/247/8 1017/245/8 366/114/8
f 234/1067/8 598/243/8 1017/245/8
f 1018/242/8 597/241/8 233/1070/8
f 513/52/8 1018/242/8 595/237/8
f 22/894/8 486/240/8 1018/242/8
f 1019/239/8 596/238/8 223/1072/8
f 369/667/8 1019/239/8 575/249/8
f 161/1071/8 595/237/8 1019/239/8
f 1020/236/8 433/235/8 84/793/8
f 596/238/8 1020/236/8 431/192/8
f 233/1070/8 594/234/8 1020/236/8
f 1021/233/11 593/232/11 232/1073/11
f 580/202/8 1021/233/8 591/228/8
f 85/787/8 578/231/8 1021/233/8
f 1022/230/11 592/229/11 122/1075/11
f 436/217/8 1022/230/8 474/663/8
f 228/1074/8 591/228/8 1022/230/8
f 1023/227/7 481/226/7 17/1076/7
f 592/229/16 1023/227/16 330/54/16
f 232/1073/16 590/225/16 1023/227/16
f 1024/224/8 589/223/8 231/1077/8
f 477/64/8 1024/224/8 587/219/8
f 69/878/8 579/222/8 1024/224/8
f 1025/221/8 588/220/8 162/1079/8
f 333/631/8 1025/221/8 514/564/8
f 125/1078/8 587/219/8 1025/221/8
f 1026/218/8 436/217/8 66/863/8
f 588/220/8 1026/218/8 370/87/8
f 231/1077/8 586/216/8 1026/218/8
f 1027/215/15 585/214/15 230/1080/15
f 517/61/15 1027/215/15 583/210/15
f 18/1082/9 310/213/9 1027/215/9
f 1028/212/8 584/211/8 227/1083/8
f 373/640/8 1028/212/8 579/222/8
f 165/1081/10 583/210/10 1028/212/10
f 1029/209/8 437/208/8 85/787/8
f 584/211/8 1029/209/8 435/201/8
f 230/1080/10 582/207/10 1029/209/10
f 1030/206/15 581/205/15 229/784/15
f 585/214/15 1030/206/15 582/207/15
f 102/1084/9 454/204/9 1030/206/9
f 1031/203/8 580/202/8 228/1074/8
f 589/223/8 1031/203/8 586/216/8
f 227/1083/8 435/201/8 1031/203/8
f 1032/200/7 337/199/7 129/1085/7
f 593/232/16 1032/200/16 590/225/16
f 226/786/16 434/198/16 1032/200/16
f 1033/197/8 577/196/8 225/790/8
f 597/241/8 1033/197/8 594/234/8
f 134/908/8 342/195/8 1033/197/8
f 1034/194/8 576/193/8 224/1064/8
f 601/250/8 1034/194/8 598/243/8
f 223/1072/8 431/192/8 1034/194/8
f 1035/191/7 341/190/7 133/1086/7
f 605/259/16 1035/191/16 602/252/16
f 222/792/16 430/189/16 1035/191/16
f 1036/188/8 573/187/8 221/796/8
f 609/268/8 1036/188/8 606/261/8
f 135/1040/8 343/186/8 1036/188/8
f 1037/185/8 572/184/8 220/1055/8
f 613/277/8 1037/185/8 610/270/8
f 219/1062/8 427/183/8 1037/185/8
f 1038/182/8 460/181/8 108/917/8
f 617/286/8 1038/182/8 614/279/8
f 218/798/8 426/180/8 1038/182/8
f 1039/179/15 569/178/15 217/802/15
f 621/295/15 1039/179/15 618/288/15
f 98/1087/9 450/177/9 1039/179/9
f 1040/176/8 568/175/8 216/1045/8
f 625/304/8 1040/176/8 622/297/8
f 215/1053/8 423/174/8 1040/176/8
f 1041/173/8 461/172/8 109/884/8
f 629/313/8 1041/173/8 626/306/8
f 214/804/8 422/171/8 1041/173/8
f 1042/170/8 565/169/8 213/808/8
f 633/322/8 1042/170/8 630/315/8
f 150/1049/8 358/168/8 1042/170/8
f 1043/167/8 564/166/8 212/1036/8
f 637/331/8 1043/167/8 634/324/8
f 211/1043/8 419/165/8 1043/167/8
f 1044/164/8 449/163/8 97/896/8
f 641/340/8 1044/164/8 638/333/8
f 210/810/8 418/162/8 1044/164/8
f 1045/161/8 561/160/8 209/814/8
f 645/349/20 1045/161/20 642/342/20
f 151/1012/20 359/159/20 1045/161/20
f 1046/158/8 560/157/8 208/1021/8
f 649/358/20 1046/158/20 646/351/20
f 207/1033/20 415/156/20 1046/158/20
f 1047/155/8 464/154/8 112/1039/8
f 653/367/8 1047/155/8 650/360/8
f 206/816/8 414/153/8 1047/155/8
f 1048/152/15 557/151/15 205/820/15
f 657/376/15 1048/152/15 654/369/15
f 86/1088/9 438/150/9 1048/152/9
f 1049/149/8 556/148/8 204/1005/8
f 661/385/20 1049/149/20 658/378/20
f 203/1018/20 411/147/20 1049/149/20
f 1050/146/8 465/145/8 113/1048/8
f 665/394/8 1050/146/8 662/387/8
f 202/822/8 410/144/8 1050/146/8
f 1051/143/8 553/142/8 201/826/8
f 669/403/8 1051/143/8 666/396/8
f 154/1059/8 362/141/8 1051/143/8
f 1052/140/17 552/139/17 200/991/17
f 673/412/17 1052/140/17 670/405/17
f 199/1003/8 407/138/8 1052/140/8
f 1053/137/17 448/136/17 96/931/17
f 677/421/17 1053/137/17 674/414/17
f 198/828/8 406/135/8 1053/137/8
f 1054/134/8 549/133/8 197/832/8
f 681/430/20 1054/134/20 678/423/20
f 155/960/20 363/132/20 1054/134/20
f 1055/131/17 548/130/17 196/970/17
f 685/439/30 1055/131/30 682/432/30
f 195/988/20 403/129/20 1055/131/20
f 1056/128/17 468/127/17 116/997/17
f 689/448/17 1056/128/17 686/441/17
f 194/834/8 402/126/8 1056/128/8
f 1057/125/8 545/124/8 193/838/8
f 693/457/20 1057/125/20 690/450/20
f 147/1028/20 355/123/20 1057/125/20
f 1058/122/8 544/121/8 192/953/8
f 697/466/20 1058/122/20 694/459/20
f 191/967/20 399/120/20 1058/122/20
f 1059/119/8 469/118/8 117/1058/8
f 701/475/8 1059/119/8 698/468/8
f 190/840/8 398/117/8 1059/119/8
f 1060/116/8 541/115/8 189/844/8
f 705/484/8 1060/116/8 702/477/8
f 158/1069/8 366/114/8 1060/116/8
f 1061/113/17 540/112/17 188/938/17
f 709/493/17 1061/113/17 706/486/17
f 187/951/8 395/111/8 1061/113/8
f 1062/110/7 353/109/7 145/1089/7
f 713/502/16 1062/110/16 710/495/16
f 186/846/16 394/108/16 1062/110/16
f 1063/107/8 537/106/8 185/850/8
f 717/511/8 1063/107/8 714/504/8
f 159/918/8 367/105/8 1063/107/8
f 1064/104/17 536/103/17 184/924/17
f 721/520/17 1064/104/17 718/513/17
f 183/936/8 391/102/8 1064/104/8
f 1065/101/17 472/100/17 120/945/17
f 725/529/17 1065/101/17 722/522/17
f 182/852/8 390/99/8 1065/101/8
f 1066/98/8 533/97/8 181/856/8
f 729/538/8 1066/98/8 726/531/8
f 146/897/8 354/96/8 1066/98/8
f 1067/95/8 532/94/8 180/913/8
f 733/547/8 1067/95/8 730/540/8
f 179/922/8 387/93/8 1067/95/8
f 1068/92/8 473/91/8 121/1068/8
f 737/556/8 1068/92/8 734/549/8
f 178/858/8 386/90/8 1068/92/8
f 1069/89/8 529/88/8 177/862/8
f 741/565/8 1069/89/8 738/558/8
f 162/1079/8 370/87/8 1069/89/8
f 1070/86/8 528/85/8 176/903/8
f 745/574/8 1070/86/8 742/567/8
f 175/911/8 383/84/8 1070/86/8
f 1071/83/7 349/82/7 141/1090/7
f 749/583/16 1071/83/16 746/576/16
f 174/864/16 382/81/16 1071/83/16
f 1072/80/8 525/79/8 173/868/8
f 753/592/8 1072/80/8 750/585/8
f 163/885/8 371/78/8 1072/80/8
f 1073/77/8 524/76/8 172/892/8
f 757/601/8 1073/77/8 754/594/8
f 171/901/8 379/75/8 1073/77/8
f 1074/74/8 476/73/8 124/907/8
f 761/610/8 1074/74/8 758/603/8
f 170/870/8 378/72/8 1074/74/8
f 1075/71/15 521/70/15 169/874/15
f 765/619/15 1075/71/15 762/612/15
f 90/1091/9 442/69/9 1075/71/9
f 1076/68/8 520/67/8 168/880/8
f 769/628/8 1076/68/8 766/621/8
f 167/890/8 375/66/8 1076/68/8
f 1077/65/8 477/64/8 125/1078/8
f 773/637/8 1077/65/8 770/630/8
f 166/876/8 374/63/8 1077/65/8
f 1078/62/15 517/61/15 165/1081/15
f 777/646/15 1078/62/15 774/639/15
f 130/1092/9 482/60/9 1078/62/9
f 1079/59/8 516/58/8 164/910/8
f 781/655/8 1079/59/8 778/648/8
f 123/881/8 331/57/8 1079/59/8
f 1080/56/7 309/55/7 101/1093/7
f 785/664/16 1080/56/16 782/657/16
f 122/1075/16 330/54/16 1080/56/16
f 1081/53/8 513/52/8 161/1071/8
f 789/673/8 1081/53/8 786/666/8
f 106/893/8 314/51/8 1081/53/8
f 1082/50/8 512/49/8 160/950/8
f 793/682/8 1082/50/8 790/675/8
f 119/914/8 327/48/8 1082/50/8
f 1083/47/7 313/46/7 105/1094/7
f 797/691/16 1083/47/16 794/684/16
f 118/1065/16 326/45/16 1083/47/16
f 1084/44/8 509/43/8 157/1061/8
f 801/700/8 1084/44/8 798/693/8
f 107/1022/8 315/42/8 1084/44/8
f 1085/41/8 508/40/8 156/1002/8
f 805/709/8 1085/41/8 802/702/8
f 115/954/8 323/39/8 1085/41/8
f 1086/38/8 488/37/8 136/935/8
f 809/718/8 1086/38/8 806/711/8
f 114/1056/8 322/36/8 1086/38/8
f 1087/35/15 505/34/15 153/1051/15
f 813/727/15 1087/35/15 810/720/15
f 126/1095/9 478/33/9 1087/35/9
f 1088/32/8 504/31/8 152/1042/8
f 817/736/8 1088/32/8 814/729/8
f 111/1006/8 319/30/8 1088/32/8
f 1089/29/8 489/28/8 137/900/8
f 821/745/8 1089/29/8 818/738/8
f 110/1046/8 318/27/8 1089/29/8
f 1090/26/15 501/25/15 149/888/15
f 825/754/15 1090/26/15 822/747/15
f 138/1096/9 490/24/9 1090/26/9
f 1091/23/8 500/22/8 148/921/8
f 829/763/8 1091/23/8 826/756/8
f 95/1037/8 303/21/8 1091/23/8
f 1092/20/7 301/19/7 93/1097/7
f 833/772/16 1092/20/16 830/765/16
f 94/904/16 302/18/16 1092/20/16
f 1093/17/7 297/16/7 89/1098/7
f 837/781/8 1093/17/8 834/774/8
f 142/1099/9 494/15/9 1093/17/9
